country,region,flight_category,minutes,total,pct
Canada,AB,VFR,12252,16522,74.16
Canada,AB,MVFR,3446,16522,20.86
Canada,AB,IFR,464,16522,2.81
Canada,AB,LIFR,360,16522,2.18
Canada,AK,IFR,0,0,0
Canada,AK,LIFR,0,0,0
Canada,AK,MVFR,0,0,0
Canada,AK,VFR,0,0,0
Canada,AL,IFR,0,0,0
Canada,AL,LIFR,0,0,0
Canada,AL,MVFR,0,0,0
Canada,AL,VFR,0,0,0
Canada,AR,IFR,0,0,0
Canada,AR,LIFR,0,0,0
Canada,AR,MVFR,0,0,0
Canada,AR,VFR,0,0,0
Canada,AZ,IFR,0,0,0
Canada,AZ,LIFR,0,0,0
Canada,AZ,MVFR,0,0,0
Canada,AZ,VFR,0,0,0
Canada,BC,VFR,19964,31312,63.76
Canada,BC,MVFR,8123,31312,25.94
Canada,BC,IFR,2340,31312,7.47
Canada,BC,LIFR,885,31312,2.83
Canada,CA,IFR,0,0,0
Canada,CA,LIFR,0,0,0
Canada,CA,MVFR,0,0,0
Canada,CA,VFR,0,0,0
Canada,CO,IFR,0,0,0
Canada,CO,LIFR,0,0,0
Canada,CO,MVFR,0,0,0
Canada,CO,VFR,0,0,0
Canada,CT,IFR,0,0,0
Canada,CT,LIFR,0,0,0
Canada,CT,MVFR,0,0,0
Canada,CT,VFR,0,0,0
Canada,DE,IFR,0,0,0
Canada,DE,LIFR,0,0,0
Canada,DE,MVFR,0,0,0
Canada,DE,VFR,0,0,0
Canada,FL,IFR,0,0,0
Canada,FL,LIFR,0,0,0
Canada,FL,MVFR,0,0,0
Canada,FL,VFR,0,0,0
Canada,GA,IFR,0,0,0
Canada,GA,LIFR,0,0,0
Canada,GA,MVFR,0,0,0
Canada,GA,VFR,0,0,0
Canada,HI,IFR,0,0,0
Canada,HI,LIFR,0,0,0
Canada,HI,MVFR,0,0,0
Canada,HI,VFR,0,0,0
Canada,IA,IFR,0,0,0
Canada,IA,LIFR,0,0,0
Canada,IA,MVFR,0,0,0
Canada,IA,VFR,0,0,0
Canada,ID,IFR,0,0,0
Canada,ID,LIFR,0,0,0
Canada,ID,MVFR,0,0,0
Canada,ID,VFR,0,0,0
Canada,IL,IFR,0,0,0
Canada,IL,LIFR,0,0,0
Canada,IL,MVFR,0,0,0
Canada,IL,VFR,0,0,0
Canada,IN,IFR,0,0,0
Canada,IN,LIFR,0,0,0
Canada,IN,MVFR,0,0,0
Canada,IN,VFR,0,0,0
Canada,KS,IFR,0,0,0
Canada,KS,LIFR,0,0,0
Canada,KS,MVFR,0,0,0
Canada,KS,VFR,0,0,0
Canada,KY,IFR,0,0,0
Canada,KY,LIFR,0,0,0
Canada,KY,MVFR,0,0,0
Canada,KY,VFR,0,0,0
Canada,LA,IFR,0,0,0
Canada,LA,LIFR,0,0,0
Canada,LA,MVFR,0,0,0
Canada,LA,VFR,0,0,0
Canada,MA,IFR,0,0,0
Canada,MA,LIFR,0,0,0
Canada,MA,MVFR,0,0,0
Canada,MA,VFR,0,0,0
Canada,MB,MVFR,4513,9797,46.07
Canada,MB,VFR,4404,9797,44.95
Canada,MB,IFR,749,9797,7.65
Canada,MB,LIFR,131,9797,1.34
Canada,MD,IFR,0,0,0
Canada,MD,LIFR,0,0,0
Canada,MD,MVFR,0,0,0
Canada,MD,VFR,0,0,0
Canada,ME,IFR,0,0,0
Canada,ME,LIFR,0,0,0
Canada,ME,MVFR,0,0,0
Canada,ME,VFR,0,0,0
Canada,MI,IFR,0,0,0
Canada,MI,LIFR,0,0,0
Canada,MI,MVFR,0,0,0
Canada,MI,VFR,0,0,0
Canada,MN,IFR,0,0,0
Canada,MN,LIFR,0,0,0
Canada,MN,MVFR,0,0,0
Canada,MN,VFR,0,0,0
Canada,MO,IFR,0,0,0
Canada,MO,LIFR,0,0,0
Canada,MO,MVFR,0,0,0
Canada,MO,VFR,0,0,0
Canada,MS,IFR,0,0,0
Canada,MS,LIFR,0,0,0
Canada,MS,MVFR,0,0,0
Canada,MS,VFR,0,0,0
Canada,MT,IFR,0,0,0
Canada,MT,LIFR,0,0,0
Canada,MT,MVFR,0,0,0
Canada,MT,VFR,0,0,0
Canada,NB,MVFR,2035,3725,54.63
Canada,NB,VFR,1270,3725,34.09
Canada,NB,IFR,300,3725,8.05
Canada,NB,LIFR,120,3725,3.22
Canada,NC,IFR,0,0,0
Canada,NC,LIFR,0,0,0
Canada,NC,MVFR,0,0,0
Canada,NC,VFR,0,0,0
Canada,ND,IFR,0,0,0
Canada,ND,LIFR,0,0,0
Canada,ND,MVFR,0,0,0
Canada,ND,VFR,0,0,0
Canada,NE,IFR,0,0,0
Canada,NE,LIFR,0,0,0
Canada,NE,MVFR,0,0,0
Canada,NE,VFR,0,0,0
Canada,NH,IFR,0,0,0
Canada,NH,LIFR,0,0,0
Canada,NH,MVFR,0,0,0
Canada,NH,VFR,0,0,0
Canada,NJ,IFR,0,0,0
Canada,NJ,LIFR,0,0,0
Canada,NJ,MVFR,0,0,0
Canada,NJ,VFR,0,0,0
Canada,NL,MVFR,3742,9387,39.86
Canada,NL,VFR,2427,9387,25.85
Canada,NL,LIFR,2005,9387,21.36
Canada,NL,IFR,1213,9387,12.92
Canada,NM,IFR,0,0,0
Canada,NM,LIFR,0,0,0
Canada,NM,MVFR,0,0,0
Canada,NM,VFR,0,0,0
Canada,NS,MVFR,2715,4631,58.63
Canada,NS,VFR,1856,4631,40.08
Canada,NS,IFR,60,4631,1.3
Canada,NS,LIFR,0,0,0
Canada,NT,VFR,5283,10869,48.61
Canada,NT,MVFR,4575,10869,42.09
Canada,NT,IFR,947,10869,8.71
Canada,NT,LIFR,64,10869,0.59
Canada,NU,MVFR,5521,14706,37.54
Canada,NU,IFR,3485,14706,23.7
Canada,NU,VFR,3037,14706,20.65
Canada,NU,LIFR,2663,14706,18.11
Canada,NV,IFR,0,0,0
Canada,NV,LIFR,0,0,0
Canada,NV,MVFR,0,0,0
Canada,NV,VFR,0,0,0
Canada,NY,IFR,0,0,0
Canada,NY,LIFR,0,0,0
Canada,NY,MVFR,0,0,0
Canada,NY,VFR,0,0,0
Canada,OH,IFR,0,0,0
Canada,OH,LIFR,0,0,0
Canada,OH,MVFR,0,0,0
Canada,OH,VFR,0,0,0
Canada,OK,IFR,0,0,0
Canada,OK,LIFR,0,0,0
Canada,OK,MVFR,0,0,0
Canada,OK,VFR,0,0,0
Canada,ON,VFR,18313,35547,51.52
Canada,ON,MVFR,10237,35547,28.8
Canada,ON,IFR,5168,35547,14.54
Canada,ON,LIFR,1829,35547,5.15
Canada,OR,IFR,0,0,0
Canada,OR,LIFR,0,0,0
Canada,OR,MVFR,0,0,0
Canada,OR,VFR,0,0,0
Canada,PA,IFR,0,0,0
Canada,PA,LIFR,0,0,0
Canada,PA,MVFR,0,0,0
Canada,PA,VFR,0,0,0
Canada,PE,MVFR,596,930,64.09
Canada,PE,VFR,220,930,23.66
Canada,PE,IFR,114,930,12.26
Canada,PE,LIFR,0,0,0
Canada,QC,VFR,15990,29510,54.19
Canada,QC,MVFR,7730,29510,26.19
Canada,QC,IFR,3601,29510,12.2
Canada,QC,LIFR,2189,29510,7.42
Canada,RI,IFR,0,0,0
Canada,RI,LIFR,0,0,0
Canada,RI,MVFR,0,0,0
Canada,RI,VFR,0,0,0
Canada,SC,IFR,0,0,0
Canada,SC,LIFR,0,0,0
Canada,SC,MVFR,0,0,0
Canada,SC,VFR,0,0,0
Canada,SD,IFR,0,0,0
Canada,SD,LIFR,0,0,0
Canada,SD,MVFR,0,0,0
Canada,SD,VFR,0,0,0
Canada,SK,VFR,10776,12668,85.06
Canada,SK,MVFR,1500,12668,11.84
Canada,SK,IFR,392,12668,3.09
Canada,SK,LIFR,0,0,0
Canada,TN,IFR,0,0,0
Canada,TN,LIFR,0,0,0
Canada,TN,MVFR,0,0,0
Canada,TN,VFR,0,0,0
Canada,TX,IFR,0,0,0
Canada,TX,LIFR,0,0,0
Canada,TX,MVFR,0,0,0
Canada,TX,VFR,0,0,0
Canada,UT,IFR,0,0,0
Canada,UT,LIFR,0,0,0
Canada,UT,MVFR,0,0,0
Canada,UT,VFR,0,0,0
Canada,VA,IFR,0,0,0
Canada,VA,LIFR,0,0,0
Canada,VA,MVFR,0,0,0
Canada,VA,VFR,0,0,0
Canada,VT,IFR,0,0,0
Canada,VT,LIFR,0,0,0
Canada,VT,MVFR,0,0,0
Canada,VT,VFR,0,0,0
Canada,WA,IFR,0,0,0
Canada,WA,LIFR,0,0,0
Canada,WA,MVFR,0,0,0
Canada,WA,VFR,0,0,0
Canada,WI,IFR,0,0,0
Canada,WI,LIFR,0,0,0
Canada,WI,MVFR,0,0,0
Canada,WI,VFR,0,0,0
Canada,WV,IFR,0,0,0
Canada,WV,LIFR,0,0,0
Canada,WV,MVFR,0,0,0
Canada,WV,VFR,0,0,0
Canada,WY,IFR,0,0,0
Canada,WY,LIFR,0,0,0
Canada,WY,MVFR,0,0,0
Canada,WY,VFR,0,0,0
Canada,YT,VFR,3825,5212,73.39
Canada,YT,MVFR,1042,5212,19.99
Canada,YT,IFR,271,5212,5.2
Canada,YT,LIFR,74,5212,1.42
United States,AB,IFR,0,0,0
United States,AB,LIFR,0,0,0
United States,AB,MVFR,0,0,0
United States,AB,VFR,0,0,0
United States,AK,VFR,88837,117315,75.73
United States,AK,MVFR,18999,117315,16.19
United States,AK,IFR,6844,117315,5.83
United States,AK,LIFR,2635,117315,2.25
United States,AL,VFR,28630,33947,84.34
United States,AL,MVFR,3770,33947,11.11
United States,AL,IFR,1242,33947,3.66
United States,AL,LIFR,305,33947,0.9
United States,AR,VFR,32290,32940,98.03
United States,AR,IFR,300,32940,0.91
United States,AR,LIFR,180,32940,0.55
United States,AR,MVFR,170,32940,0.52
United States,AZ,VFR,38275,38485,99.45
United States,AZ,IFR,110,38485,0.29
United States,AZ,MVFR,100,38485,0.26
United States,AZ,LIFR,0,0,0
United States,BC,IFR,0,0,0
United States,BC,LIFR,0,0,0
United States,BC,MVFR,0,0,0
United States,BC,VFR,0,0,0
United States,CA,VFR,114209,120640,94.67
United States,CA,MVFR,2715,120640,2.25
United States,CA,LIFR,2119,120640,1.76
United States,CA,IFR,1597,120640,1.32
United States,CO,VFR,44187,44267,99.82
United States,CO,MVFR,80,44267,0.18
United States,CO,IFR,0,0,0
United States,CO,LIFR,0,0,0
United States,CT,VFR,7830,10215,76.65
United States,CT,MVFR,2126,10215,20.81
United States,CT,IFR,259,10215,2.54
United States,CT,LIFR,0,0,0
United States,DE,VFR,3700,3700,100
United States,DE,IFR,0,0,0
United States,DE,LIFR,0,0,0
United States,DE,MVFR,0,0,0
United States,FL,VFR,68132,76489,89.07
United States,FL,MVFR,5106,76489,6.68
United States,FL,IFR,1722,76489,2.25
United States,FL,LIFR,1529,76489,2
United States,GA,VFR,42373,61535,68.86
United States,GA,MVFR,11394,61535,18.52
United States,GA,IFR,5968,61535,9.7
United States,GA,LIFR,1800,61535,2.93
United States,HI,VFR,10559,10956,96.38
United States,HI,MVFR,397,10956,3.62
United States,HI,IFR,0,0,0
United States,HI,LIFR,0,0,0
United States,IA,VFR,49575,50345,98.47
United States,IA,MVFR,770,50345,1.53
United States,IA,IFR,0,0,0
United States,IA,LIFR,0,0,0
United States,ID,VFR,15550,17643,88.14
United States,ID,MVFR,1474,17643,8.35
United States,ID,IFR,379,17643,2.15
United States,ID,LIFR,240,17643,1.36
United States,IL,VFR,45653,51225,89.12
United States,IL,MVFR,5452,51225,10.64
United States,IL,IFR,120,51225,0.23
United States,IL,LIFR,0,0,0
United States,IN,VFR,23817,40736,58.47
United States,IN,MVFR,13128,40736,32.23
United States,IN,IFR,3751,40736,9.21
United States,IN,LIFR,40,40736,0.1
United States,KS,VFR,52250,52520,99.49
United States,KS,MVFR,240,52520,0.46
United States,KS,IFR,30,52520,0.06
United States,KS,LIFR,0,0,0
United States,KY,VFR,19263,29708,64.84
United States,KY,MVFR,9001,29708,30.3
United States,KY,IFR,1147,29708,3.86
United States,KY,LIFR,297,29708,1
United States,LA,VFR,27357,28318,96.61
United States,LA,MVFR,839,28318,2.96
United States,LA,IFR,122,28318,0.43
United States,LA,LIFR,0,0,0
United States,MA,VFR,19507,21237,91.85
United States,MA,MVFR,1730,21237,8.15
United States,MA,IFR,0,0,0
United States,MA,LIFR,0,0,0
United States,MB,IFR,0,0,0
United States,MB,LIFR,0,0,0
United States,MB,MVFR,0,0,0
United States,MB,VFR,0,0,0
United States,MD,VFR,15737,16667,94.42
United States,MD,MVFR,580,16667,3.48
United States,MD,IFR,270,16667,1.62
United States,MD,LIFR,80,16667,0.48
United States,ME,VFR,12538,14802,84.7
United States,ME,IFR,1246,14802,8.42
United States,ME,MVFR,677,14802,4.57
United States,ME,LIFR,341,14802,2.3
United States,MI,VFR,32091,62312,51.5
United States,MI,MVFR,21747,62312,34.9
United States,MI,IFR,7865,62312,12.62
United States,MI,LIFR,609,62312,0.98
United States,MN,VFR,73578,77278,95.21
United States,MN,MVFR,3520,77278,4.55
United States,MN,LIFR,120,77278,0.16
United States,MN,IFR,60,77278,0.08
United States,MO,VFR,33969,34261,99.15
United States,MO,MVFR,197,34261,0.57
United States,MO,IFR,95,34261,0.28
United States,MO,LIFR,0,0,0
United States,MS,VFR,25980,28442,91.34
United States,MS,MVFR,2266,28442,7.97
United States,MS,IFR,196,28442,0.69
United States,MS,LIFR,0,0,0
United States,MT,VFR,23421,24746,94.65
United States,MT,MVFR,1155,24746,4.67
United States,MT,IFR,170,24746,0.69
United States,MT,LIFR,0,0,0
United States,NB,IFR,0,0,0
United States,NB,LIFR,0,0,0
United States,NB,MVFR,0,0,0
United States,NB,VFR,0,0,0
United States,NC,VFR,57274,64509,88.78
United States,NC,MVFR,6686,64509,10.36
United States,NC,IFR,540,64509,0.84
United States,NC,LIFR,9,64509,0.01
United States,ND,VFR,28060,28080,99.93
United States,ND,MVFR,20,28080,0.07
United States,ND,IFR,0,0,0
United States,ND,LIFR,0,0,0
United States,NE,VFR,37210,37310,99.73
United States,NE,MVFR,100,37310,0.27
United States,NE,IFR,0,0,0
United States,NE,LIFR,0,0,0
United States,NH,VFR,9698,11064,87.65
United States,NH,LIFR,628,11064,5.68
United States,NH,MVFR,561,11064,5.07
United States,NH,IFR,177,11064,1.6
United States,NJ,VFR,12841,13780,93.19
United States,NJ,MVFR,939,13780,6.81
United States,NJ,IFR,0,0,0
United States,NJ,LIFR,0,0,0
United States,NL,IFR,0,0,0
United States,NL,LIFR,0,0,0
United States,NL,MVFR,0,0,0
United States,NL,VFR,0,0,0
United States,NM,VFR,26330,26370,99.85
United States,NM,IFR,20,26370,0.08
United States,NM,MVFR,20,26370,0.08
United States,NM,LIFR,0,0,0
United States,NS,IFR,0,0,0
United States,NS,LIFR,0,0,0
United States,NS,MVFR,0,0,0
United States,NS,VFR,0,0,0
United States,NT,IFR,0,0,0
United States,NT,LIFR,0,0,0
United States,NT,MVFR,0,0,0
United States,NT,VFR,0,0,0
United States,NU,IFR,0,0,0
United States,NU,LIFR,0,0,0
United States,NU,MVFR,0,0,0
United States,NU,VFR,0,0,0
United States,NV,VFR,17368,17442,99.58
United States,NV,MVFR,30,17442,0.17
United States,NV,IFR,24,17442,0.14
United States,NV,LIFR,20,17442,0.11
United States,NY,VFR,33212,37037,89.67
United States,NY,MVFR,3398,37037,9.17
United States,NY,IFR,277,37037,0.75
United States,NY,LIFR,150,37037,0.41
United States,OH,MVFR,28405,54155,52.45
United States,OH,VFR,19346,54155,35.72
United States,OH,IFR,5931,54155,10.95
United States,OH,LIFR,473,54155,0.87
United States,OK,VFR,43991,44831,98.13
United States,OK,MVFR,560,44831,1.25
United States,OK,IFR,220,44831,0.49
United States,OK,LIFR,60,44831,0.13
United States,ON,IFR,0,0,0
United States,ON,LIFR,0,0,0
United States,ON,MVFR,0,0,0
United States,ON,VFR,0,0,0
United States,OR,VFR,28409,33866,83.89
United States,OR,MVFR,4112,33866,12.14
United States,OR,IFR,722,33866,2.13
United States,OR,LIFR,623,33866,1.84
United States,PA,VFR,34459,43728,78.8
United States,PA,MVFR,5906,43728,13.51
United States,PA,IFR,2940,43728,6.72
United States,PA,LIFR,423,43728,0.97
United States,PE,IFR,0,0,0
United States,PE,LIFR,0,0,0
United States,PE,MVFR,0,0,0
United States,PE,VFR,0,0,0
United States,QC,IFR,0,0,0
United States,QC,LIFR,0,0,0
United States,QC,MVFR,0,0,0
United States,QC,VFR,0,0,0
United States,RI,VFR,5393,5540,97.35
United States,RI,IFR,120,5540,2.17
United States,RI,MVFR,27,5540,0.49
United States,RI,LIFR,0,0,0
United States,SC,VFR,37835,41890,90.32
United States,SC,MVFR,3144,41890,7.51
United States,SC,IFR,871,41890,2.08
United States,SC,LIFR,40,41890,0.1
United States,SD,VFR,25540,25760,99.15
United States,SD,MVFR,100,25760,0.39
United States,SD,IFR,80,25760,0.31
United States,SD,LIFR,40,25760,0.16
United States,SK,IFR,0,0,0
United States,SK,LIFR,0,0,0
United States,SK,MVFR,0,0,0
United States,SK,VFR,0,0,0
United States,TN,VFR,34920,40714,85.77
United States,TN,MVFR,4755,40714,11.68
United States,TN,IFR,876,40714,2.15
United States,TN,LIFR,163,40714,0.4
United States,TX,VFR,158946,162424,97.86
United States,TX,MVFR,2258,162424,1.39
United States,TX,LIFR,790,162424,0.49
United States,TX,IFR,430,162424,0.26
United States,UT,VFR,23630,23670,99.83
United States,UT,MVFR,40,23670,0.17
United States,UT,IFR,0,0,0
United States,UT,LIFR,0,0,0
United States,VA,VFR,48736.38333333333,55440.38333333333,87.91
United States,VA,MVFR,5088,55440.38333333333,9.18
United States,VA,IFR,1376,55440.38333333333,2.48
United States,VA,LIFR,240,55440.38333333333,0.43
United States,VT,VFR,7251,7369,98.4
United States,VT,MVFR,118,7369,1.6
United States,VT,IFR,0,0,0
United States,VT,LIFR,0,0,0
United States,WA,VFR,28838,38450,75
United States,WA,MVFR,7998,38450,20.8
United States,WA,LIFR,821,38450,2.14
United States,WA,IFR,793,38450,2.06
United States,WI,VFR,58296,59628,97.77
United States,WI,MVFR,1332,59628,2.23
United States,WI,IFR,0,0,0
United States,WI,LIFR,0,0,0
United States,WV,VFR,7970,13438,59.31
United States,WV,MVFR,4676,13438,34.8
United States,WV,IFR,736,13438,5.48
United States,WV,LIFR,56,13438,0.42
United States,WY,VFR,25153,25861,97.26
United States,WY,MVFR,569,25861,2.2
United States,WY,IFR,139,25861,0.54
United States,WY,LIFR,0,0,0
United States,YT,IFR,0,0,0
United States,YT,LIFR,0,0,0
United States,YT,MVFR,0,0,0
United States,YT,VFR,0,0,0
