icao,site,observed_utc,observed_local,flight_category,temp_c,dewpoint_c,wind_dir_deg,wind_kts,gust_kts,vis_sm,altimeter_hpa,raw_text,fetched_at_utc,fetched_at_local
CYAM,"Sault Ste Marie Arpt, ON, CA",2025-09-09T15:00:00Z,2025-09-09T11:00:00Z,VFR,17,12,210,5,NA,20,1019.4,METAR CYAM 091500Z 21005KT 150V240 20SM FEW018 SCT110 BKN150 OVC250 17/12 A3010 RMK CU1AC2AS3CS2 SLP198 DENSITY ALT 900FT,2025-09-09T15:51:24Z,2025-09-09T11:51:24Z
CYAT,"Attawapisket Arpt, ON, CA",2025-09-09T15:37:00Z,2025-09-09T11:37:00Z,VFR,14,11,NA,5,NA,9,1011.6,SPECI CYAT 091537Z AUTO VRB05KT 9SM FEW050 OVC081 14/11 A2987 RMK SLP118,2025-09-09T15:51:24Z,2025-09-09T11:51:24Z
CYAZ,"Tofino Arpt, BC, CA",2025-09-09T15:00:00Z,2025-09-09T11:00:00Z,LIFR,13,13,310,3,NA,0.25,1015,METAR CYAZ 091500Z 31003KT 1/4SM FG VV002 13/13 A2997 RMK FG8 SLP151,2025-09-09T15:51:26Z,2025-09-09T11:51:26Z
CYBC,"Baie Comeau Arpt, QC, CA",2025-09-09T15:00:00Z,2025-09-09T11:00:00Z,VFR,13,7,220,8,NA,9,1028.2,METAR CYBC 091500Z AUTO 22008KT 9SM CLR 13/07 A3036 RMK SLP283,2025-09-09T15:51:24Z,2025-09-09T11:51:24Z
CYBG,"Bagotville(MIL), QC, CA",2025-09-09T15:00:00Z,2025-09-09T11:00:00Z,VFR,14,9,90,6,NA,25,1027.9,METAR CYBG 091500Z 09006KT 25SM FEW021 BKN240 14/09 A3035 RMK CU1CI6 DENSITY ALT 130FT CIG PDMTLY TRANSPARENT SLP283,2025-09-09T15:51:26Z,2025-09-09T11:51:26Z
CYBK,"Baker Lake Arpt, NU, CA",2025-09-09T15:00:00Z,2025-09-09T11:00:00Z,MVFR,5,1,350,3,NA,20,1016.7,METAR CYBK 091500Z 35003KT 300V010 20SM BKN018 05/01 A3002 RMK SC6 SLP169,2025-09-09T15:51:26Z,2025-09-09T11:51:26Z
CYBL,"Campbell River Arpt, BC, CA",2025-09-09T15:00:00Z,2025-09-09T11:00:00Z,MVFR,12,12,280,2,NA,15,1015.7,METAR CYBL 091500Z 28002KT 15SM FEW004 BKN018 12/12 A2999 RMK SF1SC7 SF TR SLP157,2025-09-09T15:51:26Z,2025-09-09T11:51:26Z
CYBR,"Brandon Arpt, MB, CA",2025-09-09T15:00:00Z,2025-09-09T11:00:00Z,VFR,17,14,70,7,NA,15,1015.3,METAR CYBR 091500Z 07007KT 15SM FEW250 17/14 A2998 RMK CI2 SLP159 DENSITY ALT 1900FT,2025-09-09T15:51:24Z,2025-09-09T11:51:24Z
CYCD,"Nanaimo Arpt, BC, CA",2025-09-09T15:00:00Z,2025-09-09T11:00:00Z,VFR,16,13,NA,2,NA,20,1014.6,METAR CYCD 091500Z VRB02KT 20SM BKN045 16/13 A2996 RMK SC7 SLP149,2025-09-09T15:51:26Z,2025-09-09T11:51:26Z
CYCK,"Chatham/Kent Arpt, ON, CA",2025-09-09T15:00:00Z,2025-09-09T11:00:00Z,VFR,21,11,180,11,NA,9,1024.8,METAR CYCK 091500Z AUTO 18011KT 9SM CLR 21/11 A3026 RMK SLP249 DENSITY ALT 1100FT,2025-09-09T15:51:27Z,2025-09-09T11:51:27Z
CYCO,"Coppermine/Kugluktuk Arpt, NU, CA",2025-09-09T15:00:00Z,2025-09-09T11:00:00Z,MVFR,6,5,230,2,NA,5,1008.5,METAR CYCO 091500Z 23002KT 5SM FU BKN035 06/05 A2978 RMK FU5 SLP087,2025-09-09T15:51:26Z,2025-09-09T11:51:26Z
CYDF,"Deer Lake Arpt, NL, CA",2025-09-09T15:00:00Z,2025-09-09T11:00:00Z,VFR,18,5,240,14,19,15,1025.1,METAR CYDF 091500Z 24014G19KT 220V280 15SM FEW050 SCT250 18/05 A3027 RMK CU2CI1 SLP254,2025-09-09T15:51:26Z,2025-09-09T11:51:26Z
CYDP,"Nain Arpt, NL, CA",2025-09-09T15:00:00Z,2025-09-09T11:00:00Z,VFR,12,3,290,13,18,15,1016.3,METAR CYDP 091500Z 29013G18KT 15SM SCT048 SCT060 12/03 A3001 RMK SC3CF1 CF TR SLP164,2025-09-09T15:51:26Z,2025-09-09T11:51:26Z
CYDQ,"Dawson Creek Arpt, BC, CA",2025-09-09T15:00:00Z,2025-09-09T11:00:00Z,VFR,18,6,120,5,NA,9,1008.9,METAR CYDQ 091500Z AUTO 12005KT 100V170 9SM CLR 18/06 A2979 RMK SLP091 DENSITY ALT 3100FT,2025-09-09T15:51:27Z,2025-09-09T11:51:27Z
CYEG,"Edmonton Intl Arpt, AB, CA",2025-09-09T15:32:00Z,2025-09-09T11:32:00Z,VFR,16,11,160,4,NA,8,1011.9,SPECI CYEG 091532Z 16004KT 8SM SKC 16/11 A2988 RMK FU SLP125 DENSITY ALT 3100FT,2025-09-09T15:51:24Z,2025-09-09T11:51:24Z
CYER,"Ft Severn Arpt, ON, CA",2025-09-09T15:00:00Z,2025-09-09T11:00:00Z,MVFR,7,7,30,8,NA,9,1015.3,METAR CYER 091500Z AUTO 03008KT 9SM BKN013 OVC022 07/07 A2998 RMK SLP156,2025-09-09T15:51:24Z,2025-09-09T11:51:24Z
CYFB,"Iqaluit Arpt, NU, CA",2025-09-09T15:00:00Z,2025-09-09T11:00:00Z,MVFR,7,3,320,16,21,30,1009.9,METAR CYFB 091500Z 32016G21KT 30SM OVC015 07/03 A2982 RMK SC8 SLP103,2025-09-09T15:51:26Z,2025-09-09T11:51:26Z
CYFC,"Fredericton Intl, NB, CA",2025-09-09T15:00:00Z,2025-09-09T11:00:00Z,VFR,17,9,210,3,NA,9,1029.5,METAR CYFC 091500Z AUTO 21003KT 130V230 9SM CLR 17/09 A3040 RMK SLP299,2025-09-09T15:51:26Z,2025-09-09T11:51:26Z
CYGK,"Kingston Arpt, ON, CA",2025-09-09T15:00:00Z,2025-09-09T11:00:00Z,VFR,18,11,170,11,NA,15,1028.2,METAR CYGK 091500Z 17011KT 15SM FEW018 BKN240 18/11 A3036 RMK CU2CS4 SLP285,2025-09-09T15:51:24Z,2025-09-09T11:51:24Z
CYGL,"La Grande Riviere Arpt, QC, CA",2025-09-09T15:31:00Z,2025-09-09T11:31:00Z,VFR,11,11,200,7,NA,15,1014,SPECI CYGL 091531Z 20007KT 15SM -DZ SCT012 OVC051 11/11 A2994 RMK SC4SC4 SLP151,2025-09-09T15:51:27Z,2025-09-09T11:51:27Z
CYGV,"Havre St Pierre Arpt, QC, CA",2025-09-09T15:00:00Z,2025-09-09T11:00:00Z,VFR,13,3,260,14,20,9,1026.8,METAR CYGV 091500Z AUTO 26014G20KT 9SM CLR 13/03 A3032 RMK SLP271,2025-09-09T15:51:27Z,2025-09-09T11:51:27Z
CYHA,"Quaqtaq Arpt, QC, CA",2025-09-09T15:00:00Z,2025-09-09T11:00:00Z,VFR,7,3,290,6,NA,15,1013.3,METAR CYHA 091500Z 29006KT 15SM FEW038 FEW070 07/03 A2992 RMK SC1AC1 SC TR SLP135,2025-09-09T15:51:27Z,2025-09-09T11:51:27Z
CYHD,"Dryden Rgnl, ON, CA",2025-09-09T15:00:00Z,2025-09-09T11:00:00Z,VFR,14,11,NA,2,NA,9,1015.3,METAR CYHD 091500Z AUTO VRB02KT 9SM CLR 14/11 A2998 RMK SLP163,2025-09-09T15:51:26Z,2025-09-09T11:51:26Z
CYHM,"Hamilton/Munro Intl, ON, CA",2025-09-09T15:00:00Z,2025-09-09T11:00:00Z,VFR,19,12,130,3,NA,15,1026.2,METAR CYHM 091500Z 13003KT 100V180 15SM SKC 19/12 A3030 RMK SLP265 DENSITY ALT 1000FT,2025-09-09T15:51:26Z,2025-09-09T11:51:26Z
CYHU,"Montreal/St Hubert, QC, CA",2025-09-09T15:00:00Z,2025-09-09T11:00:00Z,VFR,17,10,180,5,NA,9,1028.5,METAR CYHU 091500Z AUTO 18005KT 120V240 9SM CLR 17/10 A3037 RMK SLP286,2025-09-09T15:51:24Z,2025-09-09T11:51:24Z
CYHZ,"Halifax/Stanfield Intl, NS, CA",2025-09-09T15:00:00Z,2025-09-09T11:00:00Z,VFR,19,8,60,6,NA,15,1028.9,METAR CYHZ 091500Z 06006KT 010V110 15SM FEW040 BKN250 19/08 A3038 RMK CU2CS4 CI ASOCTD SLP292,2025-09-09T15:51:24Z,2025-09-09T11:51:24Z
CYKF,"Waterloo Intl, ON, CA",2025-09-09T15:00:00Z,2025-09-09T11:00:00Z,VFR,19,10,150,7,NA,9,1025.8,METAR CYKF 091500Z AUTO 15007KT 110V180 9SM CLR 19/10 A3029 RMK SLP263 DENSITY ALT 1300FT,2025-09-09T15:51:26Z,2025-09-09T11:51:26Z
CYKJ,"Key Lake Arpt, SK, CA",2025-09-09T15:00:00Z,2025-09-09T11:00:00Z,VFR,10,8,140,5,NA,9,1016,METAR CYKJ 091500Z AUTO 14005KT 9SM CLR 10/08 A3000 RMK SLP180,2025-09-09T15:51:27Z,2025-09-09T11:51:27Z
CYLK,"Lutselke Arpt, NT, CA",2025-09-09T15:00:00Z,2025-09-09T11:00:00Z,VFR,11,7,90,5,NA,25,1010.2,METAR CYLK 091500Z 09005KT 050V140 25SM SCT120 BKN140 BKN240 11/07 A2983 RMK AC3AC2CI1 FU SLP112,2025-09-09T15:51:27Z,2025-09-09T11:51:27Z
CYLW,"Kelowna Arpt, BC, CA",2025-09-09T15:00:00Z,2025-09-09T11:00:00Z,VFR,14,11,60,2,NA,9,1013.3,METAR CYLW 091500Z AUTO 06002KT 9SM CLR 14/11 A2992 RMK SLP133 DENSITY ALT 1700FT,2025-09-09T15:51:24Z,2025-09-09T11:51:24Z
CYMH,"Mary's Harbor Arpt, NL, CA",2025-09-09T15:00:00Z,2025-09-09T11:00:00Z,VFR,14,5,330,9,18,9,1020.4,METAR CYMH 091500Z AUTO 33009G18KT 280V340 9SM CLR 14/05 A3013 RMK SLP205,2025-09-09T15:51:26Z,2025-09-09T11:51:26Z
CYMM,"Fort McMurray Arpt, AB, CA",2025-09-09T15:00:00Z,2025-09-09T11:00:00Z,MVFR,12,9,100,7,NA,5,1011.3,METAR CYMM 091500Z AUTO 10007KT 5SM HZ CLR 12/09 A2986 RMK SLP125,2025-09-09T15:51:24Z,2025-09-09T11:51:24Z
CYMO,"Moosonee Arpt, ON, CA",2025-09-09T15:00:00Z,2025-09-09T11:00:00Z,MVFR,13,11,200,11,NA,9,1014.6,METAR CYMO 091500Z AUTO 20011KT 9SM BKN013 OVC037 13/11 A2996 RMK SLP146,2025-09-09T15:51:24Z,2025-09-09T11:51:24Z
CYMO,"Moosonee Arpt, ON, CA",2025-09-09T15:53:00Z,2025-09-09T11:53:00Z,IFR,13,12,190,8,NA,9,1014.3,SPECI CYMO 091553Z AUTO 19008KT 9SM OVC009 13/12 A2995 RMK SLP145,2025-09-09T16:05:56Z,2025-09-09T12:05:56Z
CYMT,"Chibougamau Arpt, QC, CA",2025-09-09T15:45:00Z,2025-09-09T11:45:00Z,VFR,13,9,180,14,NA,9,1023.1,SPECI CYMT 091545Z AUTO 18014KT 9SM SCT047 BKN066 OVC084 13/09 A3021 RMK SLP243,2025-09-09T15:51:27Z,2025-09-09T11:51:27Z
CYOD,"Cold Lake (Mil), AB, CA",2025-09-09T15:00:00Z,2025-09-09T11:00:00Z,VFR,14,11,120,7,NA,8,1013.6,METAR CYOD 091500Z 12007KT 8SM FEW080 FEW250 14/11 A2993 RMK AC1CI1 DENSITY ALT 2258FT FU SLP143,2025-09-09T15:51:26Z,2025-09-09T11:51:26Z
CYOW,"Ottawa/Cartier Intl, ON, CA",2025-09-09T15:00:00Z,2025-09-09T11:00:00Z,VFR,15,9,170,3,NA,15,1028.2,METAR CYOW 091500Z 17003KT 130V270 15SM FEW250 15/09 A3036 RMK CI1 CI TR SLP285,2025-09-09T15:51:24Z,2025-09-09T11:51:24Z
CYPC,"Paulatuk Arpt, NT, CA",2025-09-09T15:00:00Z,2025-09-09T11:00:00Z,VFR,5,4,0,0,NA,15,1005.8,METAR CYPC 091500Z 00000KT 15SM SCT180 BKN210 05/04 A2970 RMK AC3CS3 SLP061,2025-09-09T15:51:27Z,2025-09-09T11:51:27Z
CYPL,"Pickle Lake Arpt, ON, CA",2025-09-09T15:00:00Z,2025-09-09T11:00:00Z,VFR,15,11,10,3,NA,9,1014.6,METAR CYPL 091500Z AUTO 01003KT 330V070 9SM CLR 15/11 A2996 RMK SLP155 DENSITY ALT 1600FT,2025-09-09T15:51:24Z,2025-09-09T11:51:24Z
CYPR,"Prince Rupert Arpt, BC, CA",2025-09-09T15:00:00Z,2025-09-09T11:00:00Z,NA,12,12,NA,2,NA,NA,1017.7,METAR CYPR 091500Z AUTO VRB02KT OVC002 12/12 A3005 RMK WX MISG VIS MISG SLP178,2025-09-09T15:51:26Z,2025-09-09T11:51:26Z
CYQA,"Muskoka Arpt, ON, CA",2025-09-09T15:00:00Z,2025-09-09T11:00:00Z,VFR,17,9,170,10,15,9,1026.2,METAR CYQA 091500Z AUTO 17010G15KT 150V210 9SM CLR 17/09 A3030 RMK SLP268,2025-09-09T15:51:24Z,2025-09-09T11:51:24Z
CYQB,"Quebec/Lesage Intl, QC, CA",2025-09-09T15:00:00Z,2025-09-09T11:00:00Z,VFR,16,7,130,3,NA,30,1029.2,METAR CYQB 091500Z 13003KT 30SM FEW050 FEW100 FEW250 16/07 A3039 RMK SC1AC1CI2 SC TR AC TR SLP297,2025-09-09T15:51:24Z,2025-09-09T11:51:24Z
CYQF,"Red Deer Rgnl, AB, CA",2025-09-09T15:00:00Z,2025-09-09T11:00:00Z,MVFR,11,8,180,4,NA,4,1013.6,METAR CYQF 091500Z AUTO 18004KT 4SM BR CLR 11/08 A2993 RMK SLP147 DENSITY ALT 3200FT,2025-09-09T15:51:24Z,2025-09-09T11:51:24Z
CYQF,"Red Deer Rgnl, AB, CA",2025-09-09T16:02:00Z,2025-09-09T12:02:00Z,VFR,15,9,220,4,NA,6,1013.6,SPECI CYQF 091602Z AUTO 22004KT 6SM HZ CLR 15/09 A2993 RMK SLP143 DENSITY ALT 3700FT,2025-09-09T16:05:56Z,2025-09-09T12:05:56Z
CYQG,"Windsor Intl, ON, CA",2025-09-09T15:00:00Z,2025-09-09T11:00:00Z,VFR,21,11,230,8,NA,9,1024.5,METAR CYQG 091500Z AUTO 23008KT 180V250 9SM CLR 21/11 A3025 RMK SLP247 DENSITY ALT 1100FT,2025-09-09T15:51:24Z,2025-09-09T11:51:24Z
CYQH,"Watson Lake Arpt, YT, CA",2025-09-09T15:00:00Z,2025-09-09T11:00:00Z,VFR,7,3,30,2,NA,30,1011.9,METAR CYQH 091500Z 03002KT 30SM BKN060 BKN120 07/03 A2988 RMK CU5AC2 SLP135,2025-09-09T15:51:26Z,2025-09-09T11:51:26Z
CYQK,"Kenora Arpt, ON, CA",2025-09-09T15:00:00Z,2025-09-09T11:00:00Z,VFR,17,12,0,0,NA,20,1015.7,METAR CYQK 091500Z 00000KT 20SM FEW240 17/12 A2999 RMK CI1 SLP161 DENSITY ALT 1900FT,2025-09-09T15:51:26Z,2025-09-09T11:51:26Z
CYQM,"Moncton Intl, NB, CA",2025-09-09T15:00:00Z,2025-09-09T11:00:00Z,VFR,18,6,NA,2,NA,15,1028.9,METAR CYQM 091500Z VRB02KT 15SM FEW045 FEW240 18/06 A3038 RMK CU1CI1 CU TR SLP292,2025-09-09T15:51:24Z,2025-09-09T11:51:24Z
CYQQ,"Comox(MIL), BC, CA",2025-09-09T15:00:00Z,2025-09-09T11:00:00Z,VFR,15,12,300,6,NA,20,1015.3,METAR CYQQ 091500Z 30006KT 20SM FEW020 FEW240 15/12 A2998 RMK SC1CI1 DENSITY ALT 221FT SLP153,2025-09-09T15:51:24Z,2025-09-09T11:51:24Z
CYQR,"Regina Intl Arpt, SK, CA",2025-09-09T15:00:00Z,2025-09-09T11:00:00Z,VFR,18,9,10,4,NA,12,1016.3,METAR CYQR 091500Z 01004KT 320V030 12SM SKC 18/09 A3001 RMK HZ SLP167 DENSITY ALT 2700FT,2025-09-09T15:51:24Z,2025-09-09T11:51:24Z
CYQT,"Thunder Bay Intl, ON, CA",2025-09-09T15:00:00Z,2025-09-09T11:00:00Z,MVFR,15,14,NA,2,NA,8,1014,METAR CYQT 091500Z VRB02KT 8SM SCT005 BKN013 OVC023 15/14 A2994 RMK SF3SC2SC3 BR SLP145,2025-09-09T15:51:24Z,2025-09-09T11:51:24Z
CYQU,"Grande Prairie Arpt, AB, CA",2025-09-09T15:00:00Z,2025-09-09T11:00:00Z,MVFR,14,9,240,9,NA,4,1010.2,METAR CYQU 091500Z 24009KT 4SM FU FEW150 14/09 A2983 RMK AC1 AC TR SLP109 DENSITY ALT 2800FT,2025-09-09T15:51:26Z,2025-09-09T11:51:26Z
CYQX,"Gander Intl Arpt, NL, CA",2025-09-09T15:00:00Z,2025-09-09T11:00:00Z,VFR,16,6,240,13,18,20,1024.5,METAR CYQX 091500Z 24013G18KT 20SM FEW040 OVC210 16/06 A3025 RMK CF1CC7 SLP249,2025-09-09T15:51:26Z,2025-09-09T11:51:26Z
CYQY,"Sydney Arpt, NS, CA",2025-09-09T15:00:00Z,2025-09-09T11:00:00Z,VFR,20,10,30,6,NA,15,1028.2,METAR CYQY 091500Z 03006KT 340V070 15SM FEW040 BKN240 20/10 A3036 RMK CU2CI3 SLP283,2025-09-09T15:51:26Z,2025-09-09T11:51:26Z
CYRB,"Resolute Bay Arpt, NU, CA",2025-09-09T15:00:00Z,2025-09-09T11:00:00Z,LIFR,-2,-2,290,4,NA,0.63,1012.3,METAR CYRB 091500Z 29004KT 5/8SM R35/3000VP6000FT/U BR OVC002 M02/M02 A2989 RMK FG2ST6 SLP132,2025-09-09T15:51:26Z,2025-09-09T11:51:26Z
CYRB,"Resolute Bay Arpt, NU, CA",2025-09-09T15:51:00Z,2025-09-09T11:51:00Z,LIFR,-2,-2,300,4,NA,0.5,1012.3,SPECI CYRB 091551Z 30004KT 1/2SM R35/2200V3000FT/N FZFG OVC002 M02/M02 A2989 RMK FG6ST2 SLP131,2025-09-09T16:05:57Z,2025-09-09T12:05:57Z
CYRJ,"Roberval Arpt, QC, CA",2025-09-09T15:00:00Z,2025-09-09T11:00:00Z,VFR,16,8,240,11,NA,40,1026.2,METAR CYRJ 091500Z 24011KT 180V270 40SM FEW060 SCT090 BKN240 16/08 A3030 RMK SC1AC2CI2 SLP269,2025-09-09T15:51:24Z,2025-09-09T11:51:24Z
CYRT,"Rankin Inlet Arpt, NU, CA",2025-09-09T15:00:00Z,2025-09-09T11:00:00Z,MVFR,6,4,50,9,NA,15,1015,METAR CYRT 091500Z 05009KT 15SM FEW004 BKN015 BKN030 06/04 A2997 RMK SC2CU3SC1 SH DST SW-W SLP153,2025-09-09T15:51:26Z,2025-09-09T11:51:26Z
CYSB,"Sudbury Arpt, ON, CA",2025-09-09T15:00:00Z,2025-09-09T11:00:00Z,VFR,16,11,200,15,22,20,1023.5,METAR CYSB 091500Z 20015G22KT 20SM FEW050 BKN079 BKN180 16/11 A3022 RMK CF2AC4CI1 SLP240,2025-09-09T15:51:24Z,2025-09-09T11:51:24Z
CYTE,"Cape Dorset Arpt, NU, CA",2025-09-09T15:00:00Z,2025-09-09T11:00:00Z,VFR,6,3,270,3,NA,15,1011.9,METAR CYTE 091500Z 27003KT 15SM FEW024 SCT043 06/03 A2988 RMK CU1SC3 SLP124,2025-09-09T15:51:27Z,2025-09-09T11:51:27Z
CYTR,"Trenton(MIL), ON, CA",2025-09-09T15:00:00Z,2025-09-09T11:00:00Z,VFR,19,13,140,3,NA,15,1027.5,METAR CYTR 091500Z 14003KT 15SM FEW024 SCT250 19/13 A3034 RMK CF1CI3 DENSITY ALT 487FT SLP276,2025-09-09T15:51:26Z,2025-09-09T11:51:26Z
CYTS,"Timmins/Power Arpt, ON, CA",2025-09-09T15:00:00Z,2025-09-09T11:00:00Z,MVFR,12,11,200,10,16,3,1018,METAR CYTS 091500Z 20010G16KT 3SM -RA BR SCT010 OVC018 12/11 A3006 RMK SF3NS5 SLP190,2025-09-09T15:51:24Z,2025-09-09T11:51:24Z
CYTZ,"Toronto/Bishop Arpt, ON, CA",2025-09-09T15:00:00Z,2025-09-09T11:00:00Z,VFR,17,13,80,6,NA,9,1026.5,METAR CYTZ 091500Z AUTO 08006KT 9SM CLR 17/13 A3031 RMK SLP266,2025-09-09T15:51:26Z,2025-09-09T11:51:26Z
CYUL,"Montreal/Trudeau Intl, QC, CA",2025-09-09T15:00:00Z,2025-09-09T11:00:00Z,VFR,17,9,200,4,NA,30,1028.5,METAR CYUL 091500Z 20004KT 150V230 30SM FEW250 17/09 A3037 RMK CI2 SLP287,2025-09-09T15:51:24Z,2025-09-09T11:51:24Z
CYUY,"Rouyn/Noranda Arpt, QC, CA",2025-09-09T15:00:00Z,2025-09-09T11:00:00Z,VFR,11,9,190,10,NA,15,1022.4,METAR CYUY 091500Z 19010KT 15SM -RA BKN052 11/09 A3019 RMK SC7 SLP232,2025-09-09T15:51:24Z,2025-09-09T11:51:24Z
CYVC,"La Ronge Arpt, SK, CA",2025-09-09T15:00:00Z,2025-09-09T11:00:00Z,VFR,14,11,100,5,NA,15,1016.7,METAR CYVC 091500Z 10005KT 060V150 15SM FEW200 14/11 A3002 RMK CI1 SLP175,2025-09-09T15:51:27Z,2025-09-09T11:51:27Z
CYVO,"Val D'Or Arpt, QC, CA",2025-09-09T15:00:00Z,2025-09-09T11:00:00Z,VFR,13,6,180,10,20,15,1023.5,METAR CYVO 091500Z 18010G20KT 15SM BKN085 BKN130 BKN160 13/06 A3022 RMK AC5AC1AC2 SLP247,2025-09-09T15:51:24Z,2025-09-09T11:51:24Z
CYVQ,"Norman Wells Arpt, NT, CA",2025-09-09T15:00:00Z,2025-09-09T11:00:00Z,MVFR,13,13,300,4,NA,6,1004.1,METAR CYVQ 091500Z 30004KT 270V020 6SM -SHRA FEW004 BKN024 BKN037 OVC050 13/13 A2965 RMK ST1SC4SC2SC1 /R10/ VIS NE 2 CVCTV CLD EMBD SLP045,2025-09-09T15:51:27Z,2025-09-09T11:51:27Z
CYVR,"Vancouver Intl, BC, CA",2025-09-09T15:00:00Z,2025-09-09T11:00:00Z,VFR,17,16,NA,2,NA,NA,1014.3,METAR CYVR 091500Z VRB02KT 10SM FEW010 FEW015 BKN045 BKN110 17/16 A2995 RMK SC1SC1SC5AC1 AC TR HZ SLP145 DENSITY ALT 300FT,2025-09-09T15:51:24Z,2025-09-09T11:51:24Z
CYVV,"Wiarton Arpt, ON, CA",2025-09-09T15:00:00Z,2025-09-09T11:00:00Z,VFR,17,11,180,11,NA,15,1025.1,METAR CYVV 091500Z 18011KT 15SM OVC250 17/11 A3027 RMK CI8 SLP256,2025-09-09T15:51:24Z,2025-09-09T11:51:24Z
CYWG,"Winnipeg Intl Arpt, MB, CA",2025-09-09T15:00:00Z,2025-09-09T11:00:00Z,VFR,18,15,NA,2,NA,12,1014.6,METAR CYWG 091500Z VRB02KT 12SM SKC 18/15 A2996 RMK SLP151 DENSITY ALT 1300FT,2025-09-09T15:51:24Z,2025-09-09T11:51:24Z
CYWL,"Williams Lake Rgnl, BC, CA",2025-09-09T15:00:00Z,2025-09-09T11:00:00Z,IFR,11,11,NA,2,NA,1,1015.3,METAR CYWL 091500Z VRB02KT 1SM FU SCT059 SCT100 11/11 A2998 RMK FU3SC1AC1 AC TR SLP156 DENSITY ALT 3300FT,2025-09-09T15:51:26Z,2025-09-09T11:51:26Z
CYXE,"Saskatoon/Diefenbaker Intl, SK, CA",2025-09-09T15:00:00Z,2025-09-09T11:00:00Z,VFR,14,11,60,4,NA,12,1015.3,METAR CYXE 091500Z 06004KT 12SM FEW120 14/11 A2998 RMK AC1 AC TR FU SLP162 DENSITY ALT 1900FT,2025-09-09T15:51:24Z,2025-09-09T11:51:24Z
CYXP,"Pangnirtung Arpt, NU, CA",2025-09-09T15:00:00Z,2025-09-09T11:00:00Z,VFR,7,1,240,13,NA,15,1003.8,METAR CYXP 091500Z 24013KT 15SM FEW030 07/01 A2964 RMK CF2 SLP040,2025-09-09T15:51:27Z,2025-09-09T11:51:27Z
CYXS,"Prince George Arpt, BC, CA",2025-09-09T15:00:00Z,2025-09-09T11:00:00Z,MVFR,8,8,200,2,NA,5,1013.6,METAR CYXS 091500Z AUTO 20002KT 5SM BR CLR 08/08 A2993 RMK SLP148,2025-09-09T15:51:24Z,2025-09-09T11:51:24Z
CYXT,"Terrace Arpt, BC, CA",2025-09-09T15:00:00Z,2025-09-09T11:00:00Z,VFR,13,11,290,3,NA,20,1016.3,METAR CYXT 091500Z 29003KT 20SM FEW020 BKN040 BKN210 13/11 A3001 RMK SC1SC6CI1 CI TR SLP169,2025-09-09T15:51:24Z,2025-09-09T11:51:24Z
CYXU,"London Intl, ON, CA",2025-09-09T15:00:00Z,2025-09-09T11:00:00Z,VFR,20,11,170,6,NA,15,1025.5,METAR CYXU 091500Z 17006KT 15SM FEW240 20/11 A3028 RMK CI2 SLP258 DENSITY ALT 1300FT,2025-09-09T15:51:26Z,2025-09-09T11:51:26Z
CYXX,"Abbotsford Intl, BC, CA",2025-09-09T15:00:00Z,2025-09-09T11:00:00Z,LIFR,15,15,110,3,NA,4,1014.6,METAR CYXX 091500Z 11003KT 4SM BR BKN004 OVC014 15/15 A2996 RMK ST7SC1 VIS SW 2 VIS HYR E SLP146,2025-09-09T15:51:26Z,2025-09-09T11:51:26Z
CYXX,"Abbotsford Intl, BC, CA",2025-09-09T15:51:00Z,2025-09-09T11:51:00Z,LIFR,16,16,NA,2,NA,2.5,1014.3,SPECI CYXX 091551Z VRB02KT 2 1/2SM BR OVC004 16/16 A2995 RMK ST8 SLP145 DENSITY ALT 400FT,2025-09-09T16:05:57Z,2025-09-09T12:05:57Z
CYXY,"Whitehorse Arpt, YT, CA",2025-09-09T15:00:00Z,2025-09-09T11:00:00Z,VFR,4,2,0,0,NA,40,1012.3,METAR CYXY 091500Z 00000KT 40SM FEW060 FEW140 04/02 A2989 RMK SC1AC1 AC TR SLP146,2025-09-09T15:51:26Z,2025-09-09T11:51:26Z
CYYB,"North Bay/Garland Arpt, ON, CA",2025-09-09T15:00:00Z,2025-09-09T11:00:00Z,VFR,15,9,200,7,NA,30,1025.1,METAR CYYB 091500Z 20007KT 30SM FEW025 FEW100 BKN280 15/09 A3027 RMK CF1AC1CI5 CF TR SLP259,2025-09-09T15:51:24Z,2025-09-09T11:51:24Z
CYYC,"Calgary Intl, AB, CA",2025-09-09T15:00:00Z,2025-09-09T11:00:00Z,VFR,14,9,NA,2,NA,15,1014.6,METAR CYYC 091500Z VRB02KT 15SM SKC 14/09 A2996 RMK SLP145 DENSITY ALT 4300FT,2025-09-09T15:51:24Z,2025-09-09T11:51:24Z
CYYG,"Charlottetown Arpt, PE, CA",2025-09-09T15:00:00Z,2025-09-09T11:00:00Z,VFR,20,6,NA,4,NA,15,1028.9,METAR CYYG 091500Z VRB04KT 15SM SCT062 BKN260 20/06 A3038 RMK SC3CI2 SLP289,2025-09-09T15:51:24Z,2025-09-09T11:51:24Z
CYYJ,"Victoria Intl, BC, CA",2025-09-09T15:00:00Z,2025-09-09T11:00:00Z,VFR,16,14,0,0,NA,30,1014.6,METAR CYYJ 091500Z 00000KT 30SM FEW020 BKN044 16/14 A2996 RMK SC1SC7 SC TR SLP147,2025-09-09T15:51:24Z,2025-09-09T11:51:24Z
CYYT,"St Johns Intl, NL, CA",2025-09-09T15:00:00Z,2025-09-09T11:00:00Z,VFR,16,9,270,12,NA,15,1025.5,METAR CYYT 091500Z CCA 27012KT 15SM SCT100 BKN130 OVC220 16/09 A3028 RMK AC3AC3CI2 SLP258,2025-09-09T15:51:26Z,2025-09-09T11:51:26Z
CYYZ,"Toronto/Pearson Intl, ON, CA",2025-09-09T15:00:00Z,2025-09-09T11:00:00Z,VFR,18,11,140,5,NA,15,1026.2,METAR CYYZ 091500Z 14005KT 090V170 15SM SKC 18/11 A3030 RMK SLP265,2025-09-09T15:51:24Z,2025-09-09T11:51:24Z
CYZF,"Yellowknife Arpt, NT, CA",2025-09-09T15:00:00Z,2025-09-09T11:00:00Z,VFR,11,8,120,11,NA,15,1006.9,METAR CYZF 091500Z 12011KT 15SM FEW020 FEW110 SCT180 11/08 A2973 RMK SC1AC2AC1 SC TR SLP078,2025-09-09T15:51:26Z,2025-09-09T11:51:26Z
CYZP,"Sandspit Arpt, BC, CA",2025-09-09T15:00:00Z,2025-09-09T11:00:00Z,MVFR,15,10,300,11,16,9,1018.7,METAR CYZP 091500Z AUTO 30011G16KT 9SM BKN026 15/10 A3008 RMK SLP188,2025-09-09T15:51:26Z,2025-09-09T11:51:26Z
CYZV,"Sept-ÃŽles Arpt, QC, CA",2025-09-09T15:00:00Z,2025-09-09T11:00:00Z,VFR,12,4,180,5,NA,30,1027.9,METAR CYZV 091500Z 18005KT 30SM FEW045 FEW180 BKN260 12/04 A3035 RMK CU1AC1CI4 WIND EST SLP281,2025-09-09T15:51:24Z,2025-09-09T11:51:24Z
KABI,"Abilene Rgnl, TX, US",2025-09-09T14:52:00Z,2025-09-09T10:52:00Z,VFR,24.4,14.4,200,10,NA,NA,1018.4,METAR KABI 091452Z 20010KT 10SM CLR 24/14 A3007 RMK AO2 SLP160 T02440144 50006,2025-09-09T15:51:30Z,2025-09-09T11:51:30Z
KABI,"Abilene Rgnl, TX, US",2025-09-09T15:52:00Z,2025-09-09T11:52:00Z,VFR,26.7,15,210,10,NA,NA,1018.7,METAR KABI 091552Z 21010KT 10SM CLR 27/15 A3008 RMK AO2 SLP161 T02670150,2025-09-09T16:06:03Z,2025-09-09T12:06:03Z
KABQ,"Albuquerque Intl, NM, US",2025-09-09T14:52:00Z,2025-09-09T10:52:00Z,VFR,20.6,7.8,NA,3,NA,NA,1022.4,METAR KABQ 091452Z VRB03KT 10SM BKN120 21/08 A3019 RMK AO2 SLP143 T02060078 51013 $,2025-09-09T15:51:32Z,2025-09-09T11:51:32Z
KABQ,"Albuquerque Intl, NM, US",2025-09-09T15:52:00Z,2025-09-09T11:52:00Z,VFR,23.3,6.7,220,4,NA,NA,1022.8,METAR KABQ 091552Z 22004KT 10SM FEW060 SCT120 23/07 A3020 RMK AO2 SLP139 T02330067 $,2025-09-09T16:06:05Z,2025-09-09T12:06:05Z
KACT,"Waco Rgnl, TX, US",2025-09-09T14:51:00Z,2025-09-09T10:51:00Z,VFR,22.2,15,0,0,NA,NA,1018.7,METAR KACT 091451Z 00000KT 10SM CLR 22/15 A3008 RMK AO2 SLP181 T02220150 51018,2025-09-09T15:51:30Z,2025-09-09T11:51:30Z
KACT,"Waco Rgnl, TX, US",2025-09-09T15:51:00Z,2025-09-09T11:51:00Z,VFR,25.6,15,110,4,NA,NA,1018.7,METAR KACT 091551Z 11004KT 10SM CLR 26/15 A3008 RMK AO2 SLP181 T02560150,2025-09-09T16:06:03Z,2025-09-09T12:06:03Z
KAFW,"Fort Worth/Alliance Arpt, TX, US",2025-09-09T14:53:00Z,2025-09-09T10:53:00Z,VFR,23.3,12.2,150,9,NA,NA,1018.7,METAR KAFW 091453Z 15009KT 10SM CLR 23/12 A3008 RMK AO2 SLP175 T02330122 51010 $,2025-09-09T15:51:30Z,2025-09-09T11:51:30Z
KAFW,"Fort Worth/Alliance Arpt, TX, US",2025-09-09T15:53:00Z,2025-09-09T11:53:00Z,VFR,25,13.3,150,10,NA,NA,1018.7,METAR KAFW 091553Z 15010KT 10SM CLR 25/13 A3008 RMK AO2 SLP174 T02500133,2025-09-09T16:06:03Z,2025-09-09T12:06:03Z
KALB,"Albany Intl, NY, US",2025-09-09T14:51:00Z,2025-09-09T10:51:00Z,VFR,16.7,10,350,3,NA,NA,1028.9,METAR KALB 091451Z 35003KT 10SM FEW029 SCT250 17/10 A3038 RMK AO2 SLP289 T01670100 50002,2025-09-09T15:51:27Z,2025-09-09T11:51:27Z
KALB,"Albany Intl, NY, US",2025-09-09T15:51:00Z,2025-09-09T11:51:00Z,VFR,18.9,9.4,0,0,NA,NA,1028.5,METAR KALB 091551Z 00000KT 10SM FEW037 SCT250 19/09 A3037 RMK AO2 SLP284 T01890094,2025-09-09T16:06:00Z,2025-09-09T12:06:00Z
KAMA,"Amarillo Intl Arpt, TX, US",2025-09-09T14:53:00Z,2025-09-09T10:53:00Z,VFR,22.8,16.1,240,11,NA,NA,1019.4,METAR KAMA 091453Z 24011KT 10SM CLR 23/16 A3010 RMK AO2 SLP140 60000 T02280161 50009,2025-09-09T15:51:30Z,2025-09-09T11:51:30Z
KAMA,"Amarillo Intl Arpt, TX, US",2025-09-09T15:53:00Z,2025-09-09T11:53:00Z,VFR,25.6,15.6,210,14,NA,NA,1019,METAR KAMA 091553Z 21014KT 10SM CLR 26/16 A3009 RMK AO2 SLP136 T02560156,2025-09-09T16:06:03Z,2025-09-09T12:06:03Z
KASE,"Aspen/Pitkin Cnty, CO, US",2025-09-09T14:53:00Z,2025-09-09T10:53:00Z,VFR,15,2.8,360,6,NA,NA,1026.2,METAR KASE 091453Z 36006KT 10SM SCT085 15/03 A3030 RMK AO2 SLP147 T01500028 50001,2025-09-09T15:51:30Z,2025-09-09T11:51:30Z
KASE,"Aspen/Pitkin Cnty, CO, US",2025-09-09T15:53:00Z,2025-09-09T11:53:00Z,VFR,18.3,1.7,0,0,NA,NA,1025.5,METAR KASE 091553Z 00000KT 10SM FEW110 18/02 A3028 RMK AO2 LTG DSNT S AND SW SLP143 T01830017,2025-09-09T16:06:03Z,2025-09-09T12:06:03Z
KATL,"Atlanta/Hartsfield-Jackson Intl, GA, US",2025-09-09T14:52:00Z,2025-09-09T10:52:00Z,VFR,22.2,10,90,15,NA,NA,1023.1,METAR KATL 091452Z 09015KT 10SM FEW060 FEW200 FEW250 22/10 A3021 RMK SLP223 T02220100 51005,2025-09-09T15:51:29Z,2025-09-09T11:51:29Z
KATL,"Atlanta/Hartsfield-Jackson Intl, GA, US",2025-09-09T15:52:00Z,2025-09-09T11:52:00Z,VFR,23.3,11.1,70,14,NA,NA,1023.1,METAR KATL 091552Z 07014KT 10SM FEW065 FEW200 FEW250 23/11 A3021 RMK SLP222 T02330111,2025-09-09T16:06:02Z,2025-09-09T12:06:02Z
KAUS,"Austin/Bergstrom Intl, TX, US",2025-09-09T14:53:00Z,2025-09-09T10:53:00Z,VFR,23.9,13.9,NA,3,NA,NA,1017.7,METAR KAUS 091453Z VRB03KT 10SM CLR 24/14 A3005 RMK AO2 SLP169 T02390139 51007,2025-09-09T15:51:30Z,2025-09-09T11:51:30Z
KAUS,"Austin/Bergstrom Intl, TX, US",2025-09-09T15:53:00Z,2025-09-09T11:53:00Z,VFR,26.7,13.9,70,4,NA,NA,1018,METAR KAUS 091553Z 07004KT 10SM CLR 27/14 A3006 RMK AO2 SLP170 T02670139,2025-09-09T16:06:03Z,2025-09-09T12:06:03Z
KBDL,"Hartford/Bradley Intl, CT, US",2025-09-09T14:51:00Z,2025-09-09T10:51:00Z,VFR,18.3,11.1,30,6,NA,NA,1028.5,METAR KBDL 091451Z 03006KT 10SM FEW030 FEW250 18/11 A3037 RMK AO2 SLP285 T01830111 50000,2025-09-09T15:51:27Z,2025-09-09T11:51:27Z
KBDL,"Hartford/Bradley Intl, CT, US",2025-09-09T15:51:00Z,2025-09-09T11:51:00Z,VFR,20.6,10.6,0,0,NA,NA,1028.5,METAR KBDL 091551Z 00000KT 10SM FEW037 FEW250 21/11 A3037 RMK AO2 SLP284 T02060106,2025-09-09T16:06:00Z,2025-09-09T12:06:00Z
KBED,"Bedford/Hanscom Fld, MA, US",2025-09-09T14:51:00Z,2025-09-09T10:51:00Z,VFR,19.4,10.6,110,4,NA,NA,1028.9,METAR KBED 091451Z COR 11004KT 10SM SCT030 19/11 A3038 RMK AO2 SLP299 T01940106 58001,2025-09-09T15:51:27Z,2025-09-09T11:51:27Z
KBED,"Bedford/Hanscom Fld, MA, US",2025-09-09T15:51:00Z,2025-09-09T11:51:00Z,VFR,21.7,7.8,130,11,17,NA,1028.5,METAR KBED 091551Z 13011G17KT 10SM SCT040 22/08 A3037 RMK AO2 SLP298 T02170078 $,2025-09-09T16:06:00Z,2025-09-09T12:06:00Z
KBFI,"Seattle/Boeing Fld, WA, US",2025-09-09T14:53:00Z,2025-09-09T10:53:00Z,VFR,16.1,12.8,300,3,NA,NA,1014.3,METAR KBFI 091453Z 30003KT 10SM BKN046 16/13 A2995 RMK AO2 SLP141 T01610128 50003,2025-09-09T15:51:30Z,2025-09-09T11:51:30Z
KBFI,"Seattle/Boeing Fld, WA, US",2025-09-09T15:53:00Z,2025-09-09T11:53:00Z,VFR,17.2,13.3,NA,4,NA,NA,1014.3,METAR KBFI 091553Z VRB04KT 10SM OVC045 17/13 A2995 RMK AO2 SLP142 T01720133,2025-09-09T16:06:03Z,2025-09-09T12:06:03Z
KBHM,"Birmingham Intl, AL, US",2025-09-09T14:53:00Z,2025-09-09T10:53:00Z,VFR,23.3,11.1,110,9,18,NA,1022.1,METAR KBHM 091453Z 11009G18KT 10SM FEW050 23/11 A3018 RMK AO2 SLP213 T02330111 51006,2025-09-09T15:51:29Z,2025-09-09T11:51:29Z
KBHM,"Birmingham Intl, AL, US",2025-09-09T15:53:00Z,2025-09-09T11:53:00Z,VFR,25,11.1,140,9,17,NA,1022.1,METAR KBHM 091553Z 14009G17KT 10SM FEW055 FEW110 25/11 A3018 RMK AO2 SLP213 T02500111,2025-09-09T16:06:02Z,2025-09-09T12:06:02Z
KBIL,"Billings/Logan Intl, MT, US",2025-09-09T14:53:00Z,2025-09-09T10:53:00Z,VFR,13.9,6.1,210,6,NA,NA,1017,METAR KBIL 091453Z 21006KT 10SM SCT240 14/06 A3003 RMK AO2 SLP147 T01390061 50003,2025-09-09T15:51:30Z,2025-09-09T11:51:30Z
KBIL,"Billings/Logan Intl, MT, US",2025-09-09T15:53:00Z,2025-09-09T11:53:00Z,VFR,17.2,6.7,200,3,NA,NA,1017,METAR KBIL 091553Z 20003KT 10SM FEW240 17/07 A3003 RMK AO2 SLP145 T01720067,2025-09-09T16:06:03Z,2025-09-09T12:06:03Z
KBNA,"Nashville Intl, TN, US",2025-09-09T14:53:00Z,2025-09-09T10:53:00Z,VFR,21.1,12.8,190,6,NA,NA,1022.4,METAR KBNA 091453Z 19006KT 10SM SCT060 BKN070 BKN250 21/13 A3019 RMK AO2 SLP218 T02110128 52005 $,2025-09-09T15:51:29Z,2025-09-09T11:51:29Z
KBNA,"Nashville Intl, TN, US",2025-09-09T15:53:00Z,2025-09-09T11:53:00Z,VFR,25,12.8,170,8,NA,NA,1022.1,METAR KBNA 091553Z 17008KT 10SM SCT070 SCT250 25/13 A3018 RMK AO2 SLP215 T02500128 $,2025-09-09T16:06:02Z,2025-09-09T12:06:02Z
KBOI,"Boise Arpt, ID, US",2025-09-09T14:53:00Z,2025-09-09T10:53:00Z,VFR,17.8,3.9,0,0,NA,NA,1012.6,METAR KBOI 091453Z AUTO 00000KT 10SM CLR 18/04 A2990 RMK AO2 SLP100 T01780039 51019,2025-09-09T15:51:30Z,2025-09-09T11:51:30Z
KBOI,"Boise Arpt, ID, US",2025-09-09T15:53:00Z,2025-09-09T11:53:00Z,VFR,19.4,6.7,50,4,NA,NA,1012.6,METAR KBOI 091553Z 05004KT 10SM CLR 19/07 A2990 RMK AO2 SLP101 T01940067,2025-09-09T16:06:03Z,2025-09-09T12:06:03Z
KBOS,"Boston/Logan Intl, MA, US",2025-09-09T14:54:00Z,2025-09-09T10:54:00Z,VFR,19.4,13.3,60,9,NA,NA,1029.2,METAR KBOS 091454Z 06009KT 10SM FEW030 FEW250 19/13 A3039 RMK AO2 SLP290 T01940133 53002,2025-09-09T15:51:27Z,2025-09-09T11:51:27Z
KBOS,"Boston/Logan Intl, MA, US",2025-09-09T15:54:00Z,2025-09-09T11:54:00Z,VFR,20,11.7,70,8,NA,NA,1029.2,METAR KBOS 091554Z 07008KT 10SM FEW030 FEW250 20/12 A3039 RMK AO2 SLP291 T02000117,2025-09-09T16:06:00Z,2025-09-09T12:06:00Z
KBRO,"Brownsville Intl, TX, US",2025-09-09T15:23:00Z,2025-09-09T11:23:00Z,VFR,30,25,320,7,NA,NA,1014.3,SPECI KBRO 091523Z 32007KT 10SM FEW016 SCT026 SCT038 30/25 A2995 RMK AO2 T03000250,2025-09-09T15:51:30Z,2025-09-09T11:51:30Z
KBRO,"Brownsville Intl, TX, US",2025-09-09T15:53:00Z,2025-09-09T11:53:00Z,VFR,30.6,25.6,NA,5,NA,NA,1014.3,METAR KBRO 091553Z VRB05KT 10SM FEW050 FEW080 31/26 A2995 RMK AO2 SLP142 T03060256,2025-09-09T16:06:03Z,2025-09-09T12:06:03Z
KBUF,"Buffalo-Niagara Intl, NY, US",2025-09-09T14:54:00Z,2025-09-09T10:54:00Z,VFR,19.4,8.3,200,7,NA,NA,1026.8,METAR KBUF 091454Z 20007KT 10SM CLR 19/08 A3032 RMK AO2 SLP267 FU ALF T01940083 53003 $,2025-09-09T15:51:27Z,2025-09-09T11:51:27Z
KBUF,"Buffalo-Niagara Intl, NY, US",2025-09-09T15:54:00Z,2025-09-09T11:54:00Z,VFR,21.1,7.2,170,4,NA,NA,1026.2,METAR KBUF 091554Z 17004KT 10SM FEW055 21/07 A3030 RMK AO2 SLP262 FU ALF T02110072 $,2025-09-09T16:06:00Z,2025-09-09T12:06:00Z
KBUR,"Burbank/Bob Hope Arpt, CA, US",2025-09-09T15:28:00Z,2025-09-09T11:28:00Z,MVFR,18.9,15.6,180,5,NA,NA,1015,SPECI KBUR 091528Z 18005KT 10SM OVC011 19/16 A2997 RMK AO2 T01890156,2025-09-09T15:51:32Z,2025-09-09T11:51:32Z
KBUR,"Burbank/Bob Hope Arpt, CA, US",2025-09-09T15:53:00Z,2025-09-09T11:53:00Z,MVFR,18.9,15,200,4,NA,NA,1015,METAR KBUR 091553Z 20004KT 10SM OVC014 19/15 A2997 RMK AO2 SLP139 T01890150,2025-09-09T16:06:05Z,2025-09-09T12:06:05Z
KBWI,"Baltimore-Washington Intl, MD, US",2025-09-09T14:54:00Z,2025-09-09T10:54:00Z,VFR,21.1,11.1,70,12,21,NA,1025.8,METAR KBWI 091454Z 07012G21KT 10SM FEW036 SCT250 21/11 A3029 RMK AO2 SLP257 T02110111 53002,2025-09-09T15:51:27Z,2025-09-09T11:51:27Z
KBWI,"Baltimore-Washington Intl, MD, US",2025-09-09T15:54:00Z,2025-09-09T11:54:00Z,VFR,22.2,10.6,80,15,NA,NA,1025.8,METAR KBWI 091554Z 08015KT 10SM SCT041 SCT250 22/11 A3029 RMK AO2 SLP256 T02220106,2025-09-09T16:06:00Z,2025-09-09T12:06:00Z
KBZN,"Bozeman/Gallatin Fld, MT, US",2025-09-09T14:56:00Z,2025-09-09T10:56:00Z,VFR,11.1,5.6,0,0,NA,NA,1018,METAR KBZN 091456Z 00000KT 10SM CLR 11/06 A3006 RMK AO2 SLP154 T01110056 53004,2025-09-09T15:51:30Z,2025-09-09T11:51:30Z
KBZN,"Bozeman/Gallatin Fld, MT, US",2025-09-09T15:56:00Z,2025-09-09T11:56:00Z,VFR,16.1,5,20,3,NA,NA,1018,METAR KBZN 091556Z 02003KT 10SM CLR 16/05 A3006 RMK AO2 SLP152 T01610050,2025-09-09T16:06:03Z,2025-09-09T12:06:03Z
KCHS,"Charleston Intl, SC, US",2025-09-09T14:56:00Z,2025-09-09T10:56:00Z,VFR,23.3,14.4,10,15,22,NA,1020.1,METAR KCHS 091456Z 01015G22KT 10SM FEW150 SCT200 23/14 A3012 RMK AO2 SLP197 T02330144 51006,2025-09-09T15:51:29Z,2025-09-09T11:51:29Z
KCHS,"Charleston Intl, SC, US",2025-09-09T15:56:00Z,2025-09-09T11:56:00Z,VFR,23.9,13.3,30,13,NA,NA,1020.1,METAR KCHS 091556Z 03013KT 10SM SCT180 BKN250 24/13 A3012 RMK AO2 SLP200 T02390133,2025-09-09T16:06:01Z,2025-09-09T12:06:01Z
KCLE,"Cleveland/Hopkins Intl, OH, US",2025-09-09T14:51:00Z,2025-09-09T10:51:00Z,VFR,20,7.8,170,7,NA,NA,1024.8,METAR KCLE 091451Z 17007KT 10SM FEW250 20/08 A3026 RMK AO2 SLP259 T02000078 56002,2025-09-09T15:51:29Z,2025-09-09T11:51:29Z
KCLE,"Cleveland/Hopkins Intl, OH, US",2025-09-09T15:51:00Z,2025-09-09T11:51:00Z,VFR,22.2,6.1,130,6,NA,NA,1024.1,METAR KCLE 091551Z 13006KT 10SM FEW250 22/06 A3024 RMK AO2 SLP254 T02220061,2025-09-09T16:06:02Z,2025-09-09T12:06:02Z
KCLT,"Charlotte/Douglas Intl, NC, US",2025-09-09T14:52:00Z,2025-09-09T10:52:00Z,VFR,20.6,11.1,50,11,NA,NA,1024.5,METAR KCLT 091452Z 05011KT 10SM FEW040 FEW250 21/11 A3025 RMK SLP255 T02060111 $,2025-09-09T15:51:29Z,2025-09-09T11:51:29Z
KCLT,"Charlotte/Douglas Intl, NC, US",2025-09-09T15:52:00Z,2025-09-09T11:52:00Z,VFR,21.7,8.3,50,14,20,NA,1024.1,METAR KCLT 091552Z 05014G20KT 10SM FEW045 FEW250 22/08 A3024 RMK SLP248 T02170083 $,2025-09-09T16:06:02Z,2025-09-09T12:06:02Z
KCMH,"Columbus/Glenn Intl, OH, US",2025-09-09T14:51:00Z,2025-09-09T10:51:00Z,VFR,18.9,7.2,160,4,NA,NA,1024.5,METAR KCMH 091451Z 16004KT 10SM FEW250 19/07 A3025 RMK AO2 SLP241 T01890072 55001,2025-09-09T15:51:29Z,2025-09-09T11:51:29Z
KCMH,"Columbus/Glenn Intl, OH, US",2025-09-09T15:51:00Z,2025-09-09T11:51:00Z,VFR,21.1,6.7,NA,4,NA,NA,1024.1,METAR KCMH 091551Z VRB04KT 10SM FEW250 21/07 A3024 RMK AO2 SLP239 T02110067,2025-09-09T16:06:02Z,2025-09-09T12:06:02Z
KCOS,"Colorado Spring Arpt, CO, US",2025-09-09T14:54:00Z,2025-09-09T10:54:00Z,VFR,21.7,4.4,0,0,NA,NA,1022.8,METAR KCOS 091454Z 00000KT 10SM SCT100 SCT250 22/04 A3020 RMK AO2 SLP140 T02170044 50002 $,2025-09-09T15:51:30Z,2025-09-09T11:51:30Z
KCOS,"Colorado Spring Arpt, CO, US",2025-09-09T15:54:00Z,2025-09-09T11:54:00Z,VFR,22.8,5,NA,3,NA,NA,1022.4,METAR KCOS 091554Z VRB03KT 10SM SCT110 BKN250 23/05 A3019 RMK AO2 SLP133 T02280050 $,2025-09-09T16:06:03Z,2025-09-09T12:06:03Z
KCVG,"Cincinnati Intl, KY, US",2025-09-09T14:52:00Z,2025-09-09T10:52:00Z,VFR,19.4,8.3,130,4,NA,NA,1023.5,METAR KCVG 091452Z 13004KT 10SM FEW250 19/08 A3022 RMK AO2 SLP228 T01940083 53002,2025-09-09T15:51:29Z,2025-09-09T11:51:29Z
KCVG,"Cincinnati Intl, KY, US",2025-09-09T15:52:00Z,2025-09-09T11:52:00Z,VFR,21.7,8.3,130,5,NA,NA,1023.5,METAR KCVG 091552Z 13005KT 10SM FEW250 22/08 A3022 RMK AO2 SLP226 T02170083,2025-09-09T16:06:02Z,2025-09-09T12:06:02Z
KDAL,"Dallas/Love Fld, TX, US",2025-09-09T14:53:00Z,2025-09-09T10:53:00Z,VFR,22.8,12.2,140,6,NA,NA,1019,METAR KDAL 091453Z 14006KT 10SM FEW170 FEW250 23/12 A3009 RMK AO2 SLP183 T02280122 51012,2025-09-09T15:51:30Z,2025-09-09T11:51:30Z
KDAL,"Dallas/Love Fld, TX, US",2025-09-09T15:53:00Z,2025-09-09T11:53:00Z,VFR,23.9,12.2,150,9,NA,NA,1019,METAR KDAL 091553Z 15009KT 120V190 10SM FEW180 24/12 A3009 RMK AO2 SLP183 T02390122,2025-09-09T16:06:03Z,2025-09-09T12:06:03Z
KDAY,"Dayton/Cox Intl, OH, US",2025-09-09T14:56:00Z,2025-09-09T10:56:00Z,VFR,20,6.1,130,4,NA,NA,1024.5,METAR KDAY 091456Z 13004KT 10SM FEW250 20/06 A3025 RMK AO2 SLP239 T02000061 53001,2025-09-09T15:51:29Z,2025-09-09T11:51:29Z
KDAY,"Dayton/Cox Intl, OH, US",2025-09-09T15:56:00Z,2025-09-09T11:56:00Z,VFR,21.7,5,100,3,NA,NA,1024.1,METAR KDAY 091556Z 10003KT 10SM FEW250 22/05 A3024 RMK AO2 SLP236 T02170050,2025-09-09T16:06:01Z,2025-09-09T12:06:01Z
KDCA,"Washington/Reagan-National Arpt, VA, US",2025-09-09T14:52:00Z,2025-09-09T10:52:00Z,VFR,21.7,12.2,70,13,19,NA,1025.8,METAR KDCA 091452Z 07013G19KT 10SM SCT035 SCT250 22/12 A3029 RMK AO2 SLP256 T02170122 53001,2025-09-09T15:51:27Z,2025-09-09T11:51:27Z
KDCA,"Washington/Reagan-National Arpt, VA, US",2025-09-09T15:52:00Z,2025-09-09T11:52:00Z,VFR,22.2,11.1,60,13,NA,NA,1025.5,METAR KDCA 091552Z 06013KT 10SM FEW040 SCT250 22/11 A3028 RMK AO2 SLP251 T02220111,2025-09-09T16:06:00Z,2025-09-09T12:06:00Z
KDEN,"Denver Intl, CO, US",2025-09-09T14:53:00Z,2025-09-09T10:53:00Z,VFR,21.1,5,240,8,NA,NA,1019.7,METAR KDEN 091453Z 24008KT 10SM FEW100 FEW150 SCT220 21/05 A3011 RMK AO2 SLP124 T02110050 51006,2025-09-09T15:51:30Z,2025-09-09T11:51:30Z
KDEN,"Denver Intl, CO, US",2025-09-09T15:53:00Z,2025-09-09T11:53:00Z,VFR,23.3,4.4,240,5,NA,NA,1020.1,METAR KDEN 091553Z 24005KT 10SM FEW100 FEW140 FEW180 SCT220 23/04 A3012 RMK AO2 SLP122 T02330044,2025-09-09T16:06:03Z,2025-09-09T12:06:03Z
KDFW,"Dallas-Ft Worth Intl, TX, US",2025-09-09T14:53:00Z,2025-09-09T10:53:00Z,VFR,22.8,11.7,160,7,NA,NA,1018.7,METAR KDFW 091453Z 16007KT 10SM CLR 23/12 A3008 RMK AO2 SLP178 T02280117 51013 $,2025-09-09T15:51:30Z,2025-09-09T11:51:30Z
KDFW,"Dallas-Ft Worth Intl, TX, US",2025-09-09T15:53:00Z,2025-09-09T11:53:00Z,VFR,24.4,12.2,170,8,NA,NA,1018.7,METAR KDFW 091553Z 17008KT 10SM CLR 24/12 A3008 RMK AO2 SLP177 T02440122 $,2025-09-09T16:06:03Z,2025-09-09T12:06:03Z
KDSM,"Des Moines Intl, IA, US",2025-09-09T14:54:00Z,2025-09-09T10:54:00Z,VFR,16.1,8.9,180,8,NA,NA,1017.4,METAR KDSM 091454Z 18008KT 10SM FEW070 SCT100 BKN190 OVC250 16/09 A3004 RMK AO2 SLP170 T01610089 56005,2025-09-09T15:51:29Z,2025-09-09T11:51:29Z
KDSM,"Des Moines Intl, IA, US",2025-09-09T15:54:00Z,2025-09-09T11:54:00Z,VFR,17.2,9.4,190,6,NA,NA,1018,METAR KDSM 091554Z 19006KT 10SM FEW070 FEW110 SCT190 OVC210 17/09 A3006 RMK AO2 SLP175 T01720094,2025-09-09T16:06:01Z,2025-09-09T12:06:01Z
KDTW,"Detroit/Metro Wayne Cnty, MI, US",2025-09-09T14:53:00Z,2025-09-09T10:53:00Z,VFR,20,9.4,190,7,NA,NA,1024.8,METAR KDTW 091453Z 19007KT 10SM SCT250 20/09 A3026 RMK AO2 SLP245 T02000094 50000 $,2025-09-09T15:51:29Z,2025-09-09T11:51:29Z
KDTW,"Detroit/Metro Wayne Cnty, MI, US",2025-09-09T15:53:00Z,2025-09-09T11:53:00Z,VFR,21.7,7.2,190,7,NA,NA,1024.5,METAR KDTW 091553Z 19007KT 10SM SCT250 22/07 A3025 RMK AO2 SLP243 T02170072 $,2025-09-09T16:06:01Z,2025-09-09T12:06:01Z
KEGE,"Eagle Cnty Rgnl, CO, US",2025-09-09T14:56:00Z,2025-09-09T10:56:00Z,VFR,11.1,2.8,0,0,NA,NA,1025.8,METAR KEGE 091456Z 00000KT 10SM CLR 11/03 A3029 RMK AO2 SLP196 60000 T01110028 51003 $,2025-09-09T15:51:30Z,2025-09-09T11:51:30Z
KEGE,"Eagle Cnty Rgnl, CO, US",2025-09-09T15:56:00Z,2025-09-09T11:56:00Z,VFR,13.9,2.2,NA,3,NA,NA,1025.5,METAR KEGE 091556Z VRB03KT 10SM SCT100 14/02 A3028 RMK AO2 LTG DSNT W SLP188 T01390022 $,2025-09-09T16:06:03Z,2025-09-09T12:06:03Z
KELP,"El Paso Intl, TX, US",2025-09-09T14:51:00Z,2025-09-09T10:51:00Z,VFR,25.6,13.3,150,8,NA,NA,1018.7,METAR KELP 091451Z 15008KT 10SM SCT110 26/13 A3008 RMK AO2 SLP108 T02560133 51007,2025-09-09T15:51:30Z,2025-09-09T11:51:30Z
KELP,"El Paso Intl, TX, US",2025-09-09T15:51:00Z,2025-09-09T11:51:00Z,VFR,28.3,12.8,170,8,NA,NA,1019,METAR KELP 091551Z 17008KT 10SM FEW110 FEW160 28/13 A3009 RMK AO2 SLP109 T02830128,2025-09-09T16:06:03Z,2025-09-09T12:06:03Z
KEUG,"Eugene/Mahlon Sweet Fld, OR, US",2025-09-09T14:54:00Z,2025-09-09T10:54:00Z,VFR,16.7,13.9,190,6,NA,NA,1014.3,METAR KEUG 091454Z 19006KT 10SM BKN047 BKN065 OVC100 17/14 A2995 RMK AO2 SLP139 T01670139 53001,2025-09-09T15:51:30Z,2025-09-09T11:51:30Z
KEUG,"Eugene/Mahlon Sweet Fld, OR, US",2025-09-09T15:54:00Z,2025-09-09T11:54:00Z,VFR,17.8,14.4,170,3,NA,NA,1014.3,METAR KEUG 091554Z 17003KT 10SM BKN031 BKN045 OVC080 18/14 A2995 RMK AO2 SLP140 T01780144,2025-09-09T16:06:03Z,2025-09-09T12:06:03Z
KEWR,"Newark Intl, NJ, US",2025-09-09T14:51:00Z,2025-09-09T10:51:00Z,VFR,21.1,7.8,70,10,18,NA,1027.2,METAR KEWR 091451Z 07010G18KT 10SM SCT038 SCT250 21/08 A3033 RMK AO2 SLP271 T02110078 53002 $,2025-09-09T15:51:27Z,2025-09-09T11:51:27Z
KEWR,"Newark Intl, NJ, US",2025-09-09T15:51:00Z,2025-09-09T11:51:00Z,VFR,21.7,10,80,5,15,NA,1027.2,METAR KEWR 091551Z 08005G15KT 10SM SCT040 SCT250 22/10 A3033 RMK AO2 SLP269 T02170100 $,2025-09-09T16:06:00Z,2025-09-09T12:06:00Z
KEYW,"Key West Intl, FL, US",2025-09-09T15:42:00Z,2025-09-09T11:42:00Z,VFR,30.6,26.1,210,9,NA,NA,1014.6,SPECI KEYW 091542Z 21009KT 10SM FEW002 SCT027 31/26 A2996 RMK AO2 T03060261,2025-09-09T15:51:29Z,2025-09-09T11:51:29Z
KEYW,"Key West Intl, FL, US",2025-09-09T15:53:00Z,2025-09-09T11:53:00Z,VFR,30.6,25.6,210,9,NA,NA,1014.6,METAR KEYW 091553Z 21009KT 10SM FEW002 FEW026 31/26 A2996 RMK AO2 SLP151 T03060256,2025-09-09T16:06:02Z,2025-09-09T12:06:02Z
KFLL,"Ft Lauderdale-Hollywood Intl, FL, US",2025-09-09T15:47:00Z,2025-09-09T11:47:00Z,VFR,30,24,0,0,NA,NA,1014.6,SPECI KFLL 091547Z 00000KT 10SM TS SCT025CB BKN080 BKN250 30/24 A2996 RMK AO2 TSB47 OCNL LTGICCG SW-NW TS SW-NW MOV NE TCU NE-E,2025-09-09T15:51:29Z,2025-09-09T11:51:29Z
KFLL,"Ft Lauderdale-Hollywood Intl, FL, US",2025-09-09T15:53:00Z,2025-09-09T11:53:00Z,VFR,29.4,23.9,280,13,18,NA,1014.6,METAR KFLL 091553Z 28013G18KT 10SM TS SCT025CB BKN080 BKN250 29/24 A2996 RMK AO2 TSB47 SLP143 OCNL LTGICCG SW-NW TS SW-NW MOV NE TCU NE-E T02940239,2025-09-09T16:06:02Z,2025-09-09T12:06:02Z
KFSD,"Sioux Falls/Foss Fld, SD, US",2025-09-09T15:41:00Z,2025-09-09T11:41:00Z,IFR,17.2,16.1,180,4,NA,NA,1015.3,SPECI KFSD 091541Z 18004KT 10SM OVC007 17/16 A2998 RMK AO2 RAB18E36 TSE40 P0003 T01720161,2025-09-09T15:51:29Z,2025-09-09T11:51:29Z
KFSD,"Sioux Falls/Foss Fld, SD, US",2025-09-09T15:56:00Z,2025-09-09T11:56:00Z,IFR,17.2,15.6,170,3,NA,NA,1016,METAR KFSD 091556Z 17003KT 10SM OVC009 17/16 A3000 RMK AO2 RAB18E36 TSE40 SLP154 P0003 T01720156,2025-09-09T16:06:01Z,2025-09-09T12:06:01Z
KFWA,"Fort Wayne Intl, IN, US",2025-09-09T14:54:00Z,2025-09-09T10:54:00Z,VFR,19.4,9.4,160,7,NA,NA,1024.1,METAR KFWA 091454Z 16007KT 10SM SCT250 19/09 A3024 RMK AO2 SLP240 T01940094 52002,2025-09-09T15:51:29Z,2025-09-09T11:51:29Z
KFWA,"Fort Wayne Intl, IN, US",2025-09-09T15:54:00Z,2025-09-09T11:54:00Z,VFR,22.2,8.3,200,9,NA,NA,1023.8,METAR KFWA 091554Z 20009KT 10SM SCT250 22/08 A3023 RMK AO2 SLP237 T02220083,2025-09-09T16:06:01Z,2025-09-09T12:06:01Z
KGEG,"Spokane Intl, WA, US",2025-09-09T14:53:00Z,2025-09-09T10:53:00Z,VFR,17.2,11.1,300,8,NA,NA,1013.6,METAR KGEG 091453Z 30008KT 10SM FEW085 FEW120 FEW300 17/11 A2993 RMK AO2 SLP119 OCNL LTGCGICCC DSNT N-NE CB DSNT N-NE MOV N SHRA DSNT N-NE 60002 T01720111 53005 $,2025-09-09T15:51:30Z,2025-09-09T11:51:30Z
KGEG,"Spokane Intl, WA, US",2025-09-09T15:53:00Z,2025-09-09T11:53:00Z,VFR,20,10.6,10,4,NA,NA,1013.6,METAR KGEG 091553Z 01004KT 10SM FEW120 FEW150 FEW300 20/11 A2993 RMK AO2 SLP121 OCNL LTGCGICCC DSNT N-NE CB DSNT N-NE AND NW MOV N SHRA DSNT N-NE T02000106 $,2025-09-09T16:06:03Z,2025-09-09T12:06:03Z
KGJT,"Grand Junction Rgnl, CO, US",2025-09-09T14:53:00Z,2025-09-09T10:53:00Z,VFR,22.2,5.6,100,10,NA,NA,1019,METAR KGJT 091453Z 10010KT 10SM FEW110 22/06 A3009 RMK AO2 SLP119 T02220056 51004,2025-09-09T15:51:30Z,2025-09-09T11:51:30Z
KGJT,"Grand Junction Rgnl, CO, US",2025-09-09T15:53:00Z,2025-09-09T11:53:00Z,VFR,23.9,3.9,120,11,NA,NA,1018.7,METAR KGJT 091553Z 12011KT 10SM CLR 24/04 A3008 RMK AO2 SLP115 T02390039,2025-09-09T16:06:03Z,2025-09-09T12:06:03Z
KGRR,"Grand Rapids Intl, MI, US",2025-09-09T14:53:00Z,2025-09-09T10:53:00Z,VFR,17.8,9.4,200,5,NA,NA,1023.5,METAR KGRR 091453Z 20005KT 10SM SCT250 18/09 A3022 RMK AO2 SLP235 T01780094 53001 $,2025-09-09T15:51:29Z,2025-09-09T11:51:29Z
KGRR,"Grand Rapids Intl, MI, US",2025-09-09T15:53:00Z,2025-09-09T11:53:00Z,VFR,19.4,7.8,NA,5,NA,NA,1023.5,METAR KGRR 091553Z VRB05KT 10SM SCT250 19/08 A3022 RMK AO2 SLP233 T01940078,2025-09-09T16:06:02Z,2025-09-09T12:06:02Z
KGSO,"Greensboro Intl, NC, US",2025-09-09T14:54:00Z,2025-09-09T10:54:00Z,VFR,19.4,8.9,20,7,20,NA,1024.5,METAR KGSO 091454Z 02007G20KT 360V060 10SM FEW040 FEW250 19/09 A3025 RMK AO2 SLP239 T01940089 50001,2025-09-09T15:51:29Z,2025-09-09T11:51:29Z
KGSO,"Greensboro Intl, NC, US",2025-09-09T15:54:00Z,2025-09-09T11:54:00Z,VFR,20.6,7.2,60,14,20,NA,1024.1,METAR KGSO 091554Z 06014G20KT 10SM FEW060 FEW250 21/07 A3024 RMK AO2 SLP235 T02060072,2025-09-09T16:06:01Z,2025-09-09T12:06:01Z
KGTF,"Great Falls Intl, MT, US",2025-09-09T14:53:00Z,2025-09-09T10:53:00Z,VFR,15.6,5.6,220,4,NA,NA,1016,METAR KGTF 091453Z 22004KT 10SM CLR 16/06 A3000 RMK AO2 SLP144 T01560056 53002 $,2025-09-09T15:51:30Z,2025-09-09T11:51:30Z
KGTF,"Great Falls Intl, MT, US",2025-09-09T15:53:00Z,2025-09-09T11:53:00Z,VFR,19.4,5.6,0,0,NA,NA,1016,METAR KGTF 091553Z 00000KT 10SM CLR 19/06 A3000 RMK AO2 SLP136 T01940056 $,2025-09-09T16:06:03Z,2025-09-09T12:06:03Z
KHLN,"Helena Rgnl, MT, US",2025-09-09T14:53:00Z,2025-09-09T10:53:00Z,VFR,11.7,6.7,10,3,NA,NA,1017,METAR KHLN 091453Z 01003KT 10SM CLR 12/07 A3003 RMK AO2 SLP165 T01170067 53003,2025-09-09T15:51:30Z,2025-09-09T11:51:30Z
KHLN,"Helena Rgnl, MT, US",2025-09-09T15:53:00Z,2025-09-09T11:53:00Z,VFR,14.4,6.1,0,0,NA,NA,1016.7,METAR KHLN 091553Z 00000KT 10SM CLR 14/06 A3002 RMK AO2 SLP159 T01440061,2025-09-09T16:06:03Z,2025-09-09T12:06:03Z
KHOU,"Houston/Hobby Arpt, TX, US",2025-09-09T14:53:00Z,2025-09-09T10:53:00Z,VFR,26.1,15,80,8,NA,NA,1016.7,METAR KHOU 091453Z 08008KT 10SM CLR 26/15 A3002 RMK AO2 SLP171 T02610150 51008,2025-09-09T15:51:30Z,2025-09-09T11:51:30Z
KHOU,"Houston/Hobby Arpt, TX, US",2025-09-09T15:53:00Z,2025-09-09T11:53:00Z,VFR,27.2,13.9,NA,5,NA,NA,1017,METAR KHOU 091553Z VRB05KT 10SM CLR 27/14 A3003 RMK AO2 SLP173 T02720139,2025-09-09T16:06:03Z,2025-09-09T12:06:03Z
KHPN,"White Plains/Westchester Cnty, NY, US",2025-09-09T14:56:00Z,2025-09-09T10:56:00Z,VFR,20,9.4,70,5,NA,NA,1027.9,METAR KHPN 091456Z 07005KT 10SM CLR 20/09 A3035 RMK AO2 SLP274 T02000094 53005,2025-09-09T15:51:27Z,2025-09-09T11:51:27Z
KHPN,"White Plains/Westchester Cnty, NY, US",2025-09-09T15:56:00Z,2025-09-09T11:56:00Z,VFR,21.1,4.4,80,12,17,NA,1027.5,METAR KHPN 091556Z 08012G17KT 10SM FEW040 21/04 A3034 RMK AO2 SLP272 T02110044,2025-09-09T16:06:00Z,2025-09-09T12:06:00Z
KHRL,"Harlingen/Valley Intl, TX, US",2025-09-09T14:52:00Z,2025-09-09T10:52:00Z,VFR,29.4,24.4,20,8,NA,NA,1014.3,METAR KHRL 091452Z 02008KT 10SM FEW026 SCT065 BKN080 29/24 A2995 RMK AO2 SLP142 T02940244 53009 $,2025-09-09T15:51:30Z,2025-09-09T11:51:30Z
KHRL,"Harlingen/Valley Intl, TX, US",2025-09-09T15:52:00Z,2025-09-09T11:52:00Z,VFR,30,23.9,20,10,NA,NA,1014.6,METAR KHRL 091552Z 02010KT 10SM FEW022 SCT070 OVC090 30/24 A2996 RMK AO2 SLP144 T03000239,2025-09-09T16:06:03Z,2025-09-09T12:06:03Z
KHSV,"Huntsville Intl, AL, US",2025-09-09T14:53:00Z,2025-09-09T10:53:00Z,VFR,22.8,12.8,130,10,NA,NA,1022.1,METAR KHSV 091453Z 13010KT 10SM FEW043 FEW060 23/13 A3018 RMK AO2 SLP212 T02280128 53005 $,2025-09-09T15:51:29Z,2025-09-09T11:51:29Z
KHSV,"Huntsville Intl, AL, US",2025-09-09T15:53:00Z,2025-09-09T11:53:00Z,VFR,23.9,12.8,150,8,NA,NA,1022.1,METAR KHSV 091553Z 15008KT 10SM FEW045 FEW060 24/13 A3018 RMK AO2 SLP213 T02390128 $,2025-09-09T16:06:02Z,2025-09-09T12:06:02Z
KIAD,"Washington/Dulles Intl, VA, US",2025-09-09T14:52:00Z,2025-09-09T10:52:00Z,VFR,21.7,10.6,10,7,NA,NA,1026.2,METAR KIAD 091452Z 01007KT 10SM FEW200 22/11 A3030 RMK AO2 SLP257 T02170106 58001,2025-09-09T15:51:27Z,2025-09-09T11:51:27Z
KIAD,"Washington/Dulles Intl, VA, US",2025-09-09T15:52:00Z,2025-09-09T11:52:00Z,VFR,22.8,10,110,8,NA,NA,1025.8,METAR KIAD 091552Z 11008KT 10SM FEW035 SCT250 23/10 A3029 RMK AO2 SLP255 T02280100,2025-09-09T16:06:00Z,2025-09-09T12:06:00Z
KIAH,"Houston/Bush Intl, TX, US",2025-09-09T14:53:00Z,2025-09-09T10:53:00Z,VFR,24.4,14.4,70,6,NA,NA,1017.4,METAR KIAH 091453Z 07006KT 10SM CLR 24/14 A3004 RMK AO2 SLP172 T02440144 51008,2025-09-09T15:51:30Z,2025-09-09T11:51:30Z
KIAH,"Houston/Bush Intl, TX, US",2025-09-09T15:53:00Z,2025-09-09T11:53:00Z,VFR,26.7,13.3,60,5,NA,NA,1017.4,METAR KIAH 091553Z 06005KT 10SM CLR 27/13 A3004 RMK AO2 SLP173 T02670133,2025-09-09T16:06:03Z,2025-09-09T12:06:03Z
KICT,"Wichita/Eisenhower Arpt, KS, US",2025-09-09T14:53:00Z,2025-09-09T10:53:00Z,VFR,20.6,12.8,200,16,23,NA,1016,METAR KICT 091453Z 20016G23KT 10SM SCT190 SCT250 21/13 A3000 RMK AO2 SLP149 T02060128 55007 $,2025-09-09T15:51:30Z,2025-09-09T11:51:30Z
KICT,"Wichita/Eisenhower Arpt, KS, US",2025-09-09T15:53:00Z,2025-09-09T11:53:00Z,VFR,22.2,13.9,200,19,24,NA,1016,METAR KICT 091553Z 20019G24KT 10SM SCT120 SCT150 BKN190 BKN250 22/14 A3000 RMK AO2 SLP148 ACC NW-NE T02220139 $,2025-09-09T16:06:03Z,2025-09-09T12:06:03Z
KIDA,"Idaho Falls Rgnl, ID, US",2025-09-09T14:53:00Z,2025-09-09T10:53:00Z,VFR,15,7.2,40,6,NA,NA,1016.7,METAR KIDA 091453Z 04006KT 10SM CLR 15/07 A3002 RMK AO2 SLP138 T01500072 50002,2025-09-09T15:51:30Z,2025-09-09T11:51:30Z
KIDA,"Idaho Falls Rgnl, ID, US",2025-09-09T15:53:00Z,2025-09-09T11:53:00Z,VFR,17.2,8.3,350,6,NA,NA,1016.7,METAR KIDA 091553Z 35006KT 10SM CLR 17/08 A3002 RMK AO2 SLP133 T01720083,2025-09-09T16:06:03Z,2025-09-09T12:06:03Z
KIND,"Indianapolis Intl, IN, US",2025-09-09T14:54:00Z,2025-09-09T10:54:00Z,VFR,20,8.9,170,5,NA,NA,1023.1,METAR KIND 091454Z 17005KT 10SM BKN250 20/09 A3021 RMK AO2 SLP228 T02000089 53001,2025-09-09T15:51:29Z,2025-09-09T11:51:29Z
KIND,"Indianapolis Intl, IN, US",2025-09-09T15:54:00Z,2025-09-09T11:54:00Z,VFR,22.2,7.8,170,7,NA,NA,1023.1,METAR KIND 091554Z 17007KT 10SM BKN250 22/08 A3021 RMK AO2 SLP226 T02220078,2025-09-09T16:06:01Z,2025-09-09T12:06:01Z
KJAX,"Jacksonville Intl, FL, US",2025-09-09T15:40:00Z,2025-09-09T11:40:00Z,MVFR,25,22.2,20,12,NA,NA,1017.4,SPECI KJAX 091540Z 02012KT 10SM -RA FEW008 BKN014 OVC110 25/22 A3004 RMK AO2 RAB40 P0000 T02500222 $,2025-09-09T15:51:29Z,2025-09-09T11:51:29Z
KJFK,"New York/JF Kennedy Intl, NY, US",2025-09-09T14:51:00Z,2025-09-09T10:51:00Z,VFR,21.1,8.3,70,13,NA,NA,1027.5,METAR KJFK 091451Z 07013KT 10SM SCT027 BKN250 21/08 A3034 RMK AO2 SLP272 T02110083 53004,2025-09-09T15:51:27Z,2025-09-09T11:51:27Z
KJFK,"New York/JF Kennedy Intl, NY, US",2025-09-09T15:51:00Z,2025-09-09T11:51:00Z,VFR,21.7,8.3,60,11,NA,NA,1027.2,METAR KJFK 091551Z 06011KT 10SM FEW028 FEW032 BKN250 22/08 A3033 RMK AO2 SLP270 T02170083,2025-09-09T16:06:00Z,2025-09-09T12:06:00Z
KLAW,"Lawton-Fort Sill Rgnl, OK, US",2025-09-09T14:53:00Z,2025-09-09T10:53:00Z,VFR,22.8,11.7,170,8,NA,NA,1018,METAR KLAW 091453Z 17008KT 10SM CLR 23/12 A3006 RMK AO2 SLP170 T02280117 50004,2025-09-09T15:51:30Z,2025-09-09T11:51:30Z
KLAW,"Lawton-Fort Sill Rgnl, OK, US",2025-09-09T15:53:00Z,2025-09-09T11:53:00Z,VFR,25,11.7,200,9,16,NA,1018,METAR KLAW 091553Z 20009G16KT 10SM CLR 25/12 A3006 RMK AO2 SLP170 T02500117,2025-09-09T16:06:03Z,2025-09-09T12:06:03Z
KLAX,"Los Angeles Intl, CA, US",2025-09-09T14:53:00Z,2025-09-09T10:53:00Z,MVFR,20,17.2,110,3,NA,NA,1014,METAR KLAX 091453Z 11003KT 10SM SCT009 BKN016 20/17 A2994 RMK AO2 SLP137 T02000172 53008 $,2025-09-09T15:51:32Z,2025-09-09T11:51:32Z
KLAX,"Los Angeles Intl, CA, US",2025-09-09T15:53:00Z,2025-09-09T11:53:00Z,MVFR,20.6,16.7,160,4,NA,5,1014.6,METAR KLAX 091553Z 16004KT 5SM HZ FEW009 SCT016 OVC019 21/17 A2996 RMK AO2 SLP142 T02060167 $,2025-09-09T16:06:05Z,2025-09-09T12:06:05Z
KLBB,"Lubbock Intl Arpt, TX, US",2025-09-09T14:53:00Z,2025-09-09T10:53:00Z,VFR,23.3,18.3,210,12,NA,NA,1019,METAR KLBB 091453Z 21012KT 10SM SCT012 SCT090 23/18 A3009 RMK AO2 SLP138 T02330183 51004,2025-09-09T15:51:30Z,2025-09-09T11:51:30Z
KLBB,"Lubbock Intl Arpt, TX, US",2025-09-09T15:53:00Z,2025-09-09T11:53:00Z,VFR,24.4,17.8,180,8,NA,NA,1019,METAR KLBB 091553Z 18008KT 10SM FEW100 24/18 A3009 RMK AO2 SLP139 T02440178,2025-09-09T16:06:03Z,2025-09-09T12:06:03Z
KLGA,"New York/La Guardia Arpt, NY, US",2025-09-09T14:51:00Z,2025-09-09T10:51:00Z,VFR,19.4,10,40,15,NA,NA,1027.2,METAR KLGA 091451Z 04015KT 10SM FEW030 SCT250 19/10 A3033 RMK AO2 SLP272 T01940100 53004,2025-09-09T15:51:27Z,2025-09-09T11:51:27Z
KLGA,"New York/La Guardia Arpt, NY, US",2025-09-09T15:51:00Z,2025-09-09T11:51:00Z,VFR,20.6,10,50,13,NA,NA,1027.2,METAR KLGA 091551Z 05013KT 10SM FEW028 SCT250 21/10 A3033 RMK AO2 SLP269 T02060100,2025-09-09T16:06:00Z,2025-09-09T12:06:00Z
KLGB,"Long Beach Arpt, CA, US",2025-09-09T15:01:00Z,2025-09-09T11:01:00Z,MVFR,20,17.2,160,4,NA,NA,1014,SPECI KLGB 091501Z 16004KT 10SM BKN018 20/17 A2994 RMK AO2 T02000172,2025-09-09T15:51:32Z,2025-09-09T11:51:32Z
KLGB,"Long Beach Arpt, CA, US",2025-09-09T15:53:00Z,2025-09-09T11:53:00Z,MVFR,20.6,16.1,190,4,NA,NA,1014.3,METAR KLGB 091553Z 19004KT 10SM OVC018 21/16 A2995 RMK AO2 SLP142 T02060161,2025-09-09T16:06:05Z,2025-09-09T12:06:05Z
KLIT,"Little Rock/Clinton Natl, AR, US",2025-09-09T14:53:00Z,2025-09-09T10:53:00Z,VFR,20,11.7,0,0,NA,NA,1019.7,METAR KLIT 091453Z 00000KT 10SM SCT160 20/12 A3011 RMK AO2 SLP196 T02000117 51006,2025-09-09T15:51:29Z,2025-09-09T11:51:29Z
KLIT,"Little Rock/Clinton Natl, AR, US",2025-09-09T15:53:00Z,2025-09-09T11:53:00Z,VFR,22.2,12.8,0,0,NA,NA,1019.7,METAR KLIT 091553Z 00000KT 10SM FEW160 22/13 A3011 RMK AO2 SLP197 T02220128,2025-09-09T16:06:02Z,2025-09-09T12:06:02Z
KLNK,"Lincoln Arpt, NE, US",2025-09-09T14:54:00Z,2025-09-09T10:54:00Z,VFR,20.6,16.1,190,7,NA,NA,1016,METAR KLNK 091454Z 19007KT 10SM FEW020 21/16 A3000 RMK AO2 SLP151 T02060161 53003,2025-09-09T15:51:29Z,2025-09-09T11:51:29Z
KLNK,"Lincoln Arpt, NE, US",2025-09-09T15:54:00Z,2025-09-09T11:54:00Z,VFR,21.7,15.6,210,10,NA,NA,1016.3,METAR KLNK 091554Z 21010KT 10SM BKN034 OVC050 22/16 A3001 RMK AO2 SLP156 T02170156,2025-09-09T16:06:01Z,2025-09-09T12:06:01Z
KLRD,"Laredo Intl, TX, US",2025-09-09T14:56:00Z,2025-09-09T10:56:00Z,VFR,27.2,21.7,100,6,NA,NA,1016.7,METAR KLRD 091456Z 10006KT 10SM CLR 27/22 A3002 RMK AO2 SLP161 T02720217 51010 $,2025-09-09T15:51:30Z,2025-09-09T11:51:30Z
KLRD,"Laredo Intl, TX, US",2025-09-09T15:56:00Z,2025-09-09T11:56:00Z,VFR,30,20.6,90,7,NA,NA,1016.7,METAR KLRD 091556Z 09007KT 10SM CLR 30/21 A3002 RMK AO2 SLP162 T03000206 $,2025-09-09T16:06:03Z,2025-09-09T12:06:03Z
KMCI,"Kansas City Intl, MO, US",2025-09-09T14:53:00Z,2025-09-09T10:53:00Z,VFR,15.6,13.9,180,9,NA,6,1018.4,METAR KMCI 091453Z 18009KT 6SM -RA BR BKN110 16/14 A3007 RMK AO2 RAB1357 SLP176 P0006 60008 T01560139 51007 $,2025-09-09T15:51:29Z,2025-09-09T11:51:29Z
KMCI,"Kansas City Intl, MO, US",2025-09-09T15:53:00Z,2025-09-09T11:53:00Z,VFR,15.6,14.4,190,13,NA,NA,1017.4,METAR KMCI 091553Z 19013KT 10SM -RA FEW036 BKN047 OVC090 16/14 A3004 RMK AO2 SLP169 P0005 T01560144 $,2025-09-09T16:06:02Z,2025-09-09T12:06:02Z
KMCO,"Orlando Intl, FL, US",2025-09-09T14:53:00Z,2025-09-09T10:53:00Z,VFR,27.8,22.8,70,5,NA,NA,1015,METAR KMCO 091453Z 07005KT 10SM FEW030 FEW070 BKN160 BKN250 28/23 A2997 RMK AO2 SLP148 TCU DSNT NE T02780228 51010 $,2025-09-09T15:51:29Z,2025-09-09T11:51:29Z
KMCO,"Orlando Intl, FL, US",2025-09-09T15:53:00Z,2025-09-09T11:53:00Z,VFR,28.9,23.3,NA,3,NA,NA,1015,METAR KMCO 091553Z VRB03KT 10SM FEW020 BKN160 BKN250 29/23 A2997 RMK AO2 SLP149 T02890233 $,2025-09-09T16:06:02Z,2025-09-09T12:06:02Z
KMDW,"Chicago/Midway Intl, IL, US",2025-09-09T14:53:00Z,2025-09-09T10:53:00Z,VFR,19.4,5.6,210,8,NA,NA,1022.1,METAR KMDW 091453Z 21008KT 10SM BKN250 19/06 A3018 RMK AO2 SLP216 T01940056 50000 $,2025-09-09T15:51:29Z,2025-09-09T11:51:29Z
KMDW,"Chicago/Midway Intl, IL, US",2025-09-09T15:53:00Z,2025-09-09T11:53:00Z,VFR,21.1,5.6,210,7,NA,NA,1022.4,METAR KMDW 091553Z 21007KT 10SM BKN250 21/06 A3019 RMK AO2 SLP216 T02110056 $,2025-09-09T16:06:01Z,2025-09-09T12:06:01Z
KMEM,"Memphis Intl, TN, US",2025-09-09T15:28:00Z,2025-09-09T11:28:00Z,MVFR,26.1,17.8,210,11,NA,NA,1019.7,SPECI KMEM 091528Z 21011KT 10SM BKN026 BKN033 26/18 A3011 RMK AO2 T02610178 $,2025-09-09T15:51:29Z,2025-09-09T11:51:29Z
KMEM,"Memphis Intl, TN, US",2025-09-09T15:54:00Z,2025-09-09T11:54:00Z,VFR,26.7,17.8,170,10,NA,NA,1019.7,METAR KMEM 091554Z 17010KT 10SM SCT028 27/18 A3011 RMK AO2 SLP190 T02670178 $,2025-09-09T16:06:01Z,2025-09-09T12:06:01Z
KMFE,"McAllen/Miller Intl, TX, US",2025-09-09T14:53:00Z,2025-09-09T10:53:00Z,VFR,28.9,23.3,30,6,NA,NA,1015.3,METAR KMFE 091453Z 03006KT 10SM SCT024 SCT031 BKN042 29/23 A2998 RMK AO2 SLP150 T02890233 53010 $,2025-09-09T15:51:30Z,2025-09-09T11:51:30Z
KMFE,"McAllen/Miller Intl, TX, US",2025-09-09T15:53:00Z,2025-09-09T11:53:00Z,VFR,31.7,23.9,10,8,NA,NA,1015.3,METAR KMFE 091553Z 01008KT 10SM FEW025 SCT050 32/24 A2998 RMK AO2 SLP150 T03170239 $,2025-09-09T16:06:03Z,2025-09-09T12:06:03Z
KMFR,"Medford/Rogue Valley Intl, OR, US",2025-09-09T14:53:00Z,2025-09-09T10:53:00Z,MVFR,16.1,14.4,0,0,NA,NA,1014.3,METAR KMFR 091453Z 00000KT 10SM BKN011 BKN019 OVC080 16/14 A2995 RMK AO2 RAE1359 SLP136 P0000 60000 T01610144 58001 $,2025-09-09T15:51:30Z,2025-09-09T11:51:30Z
KMFR,"Medford/Rogue Valley Intl, OR, US",2025-09-09T15:53:00Z,2025-09-09T11:53:00Z,MVFR,16.1,13.9,0,0,NA,NA,1014.3,METAR KMFR 091553Z 00000KT 10SM FEW011 BKN023 BKN090 16/14 A2995 RMK AO2 SLP137 T01610139 $,2025-09-09T16:06:03Z,2025-09-09T12:06:03Z
KMIA,"Miami Intl, FL, US",2025-09-09T15:41:00Z,2025-09-09T11:41:00Z,VFR,30.6,25,NA,4,NA,NA,1014.6,SPECI KMIA 091541Z VRB04KT 10SM SCT024CB BKN250 31/25 A2996 RMK AO2 CB VC E-SE AND DSNT ALQDS MOV NE T03060250 $,2025-09-09T15:51:29Z,2025-09-09T11:51:29Z
KMIA,"Miami Intl, FL, US",2025-09-09T15:53:00Z,2025-09-09T11:53:00Z,VFR,31.1,24.4,150,4,NA,NA,1014.3,METAR KMIA 091553Z 15004KT 10SM SCT025CB BKN250 31/24 A2995 RMK AO2 LTG DSNT N SLP143 CB VC NE AND DSNT ALQDS MOV NE T03110244 $,2025-09-09T16:06:02Z,2025-09-09T12:06:02Z
KMLI,"Moline/Quad City Intl, IL, US",2025-09-09T14:52:00Z,2025-09-09T10:52:00Z,VFR,18.3,9.4,NA,4,NA,NA,1020.4,METAR KMLI 091452Z VRB04KT 10SM CLR 18/09 A3013 RMK AO2 SLP204 T01830094 53002,2025-09-09T15:51:29Z,2025-09-09T11:51:29Z
KMLI,"Moline/Quad City Intl, IL, US",2025-09-09T15:52:00Z,2025-09-09T11:52:00Z,VFR,21.1,9.4,180,9,NA,NA,1020.1,METAR KMLI 091552Z 18009KT 10SM CLR 21/09 A3012 RMK AO2 SLP198 T02110094,2025-09-09T16:06:02Z,2025-09-09T12:06:02Z
KMSO,"Missoula Intl, MT, US",2025-09-09T14:53:00Z,2025-09-09T10:53:00Z,VFR,11.7,7.8,0,0,NA,NA,1015.7,METAR KMSO 091453Z 00000KT 10SM CLR 12/08 A2999 RMK AO2 SLP145 T01170078 50007,2025-09-09T15:51:30Z,2025-09-09T11:51:30Z
KMSO,"Missoula Intl, MT, US",2025-09-09T15:53:00Z,2025-09-09T11:53:00Z,VFR,13.3,7.8,160,3,NA,NA,1015.7,METAR KMSO 091553Z 16003KT 10SM CLR 13/08 A2999 RMK AO2 SLP146 T01330078,2025-09-09T16:06:03Z,2025-09-09T12:06:03Z
KMSP,"Minneapolis-St Paul Intl, MN, US",2025-09-09T14:53:00Z,2025-09-09T10:53:00Z,MVFR,18.9,12.8,200,7,NA,NA,1014.6,METAR KMSP 091453Z 20007KT 10SM OVC029 19/13 A2996 RMK AO2 SLP144 T01890128 53003,2025-09-09T15:51:29Z,2025-09-09T11:51:29Z
KMSP,"Minneapolis-St Paul Intl, MN, US",2025-09-09T15:53:00Z,2025-09-09T11:53:00Z,MVFR,19.4,13.3,230,11,17,NA,1015.3,METAR KMSP 091553Z 23011G17KT 10SM OVC029 19/13 A2998 RMK AO2 SLP148 T01940133,2025-09-09T16:06:02Z,2025-09-09T12:06:02Z
KMYR,"Myrtle Beach Intl, SC, US",2025-09-09T14:53:00Z,2025-09-09T10:53:00Z,VFR,21.1,14.4,10,9,14,NA,1020.7,METAR KMYR 091453Z 01009G14KT 10SM CLR 21/14 A3014 RMK AO2 SLP204 T02110144 53004 $,2025-09-09T15:51:29Z,2025-09-09T11:51:29Z
KMYR,"Myrtle Beach Intl, SC, US",2025-09-09T15:53:00Z,2025-09-09T11:53:00Z,VFR,22.2,15.6,360,13,NA,NA,1020.7,METAR KMYR 091553Z 36013KT 10SM CLR 22/16 A3014 RMK AO2 SLP204 T02220156 $,2025-09-09T16:06:01Z,2025-09-09T12:06:01Z
KOAK,"Oakland Intl, CA, US",2025-09-09T15:21:00Z,2025-09-09T11:21:00Z,VFR,18.9,16.7,200,6,NA,NA,1014.6,SPECI KOAK 091521Z 20006KT 10SM FEW020 SCT038 BKN250 19/17 A2996 RMK AO2 RAE02 P0000 T01890167,2025-09-09T15:51:32Z,2025-09-09T11:51:32Z
KOAK,"Oakland Intl, CA, US",2025-09-09T15:53:00Z,2025-09-09T11:53:00Z,VFR,18.9,17.2,190,7,NA,NA,1014.6,METAR KOAK 091553Z 19007KT 10SM SCT019 BKN038 BKN050 BKN250 19/17 A2996 RMK AO2 RAE02 SLP144 P0000 T01890172,2025-09-09T16:06:05Z,2025-09-09T12:06:05Z
KOKC,"Oklahoma City/Will Rogers Intl, OK, US",2025-09-09T14:52:00Z,2025-09-09T10:52:00Z,VFR,21.7,11.1,180,14,NA,NA,1018.4,METAR KOKC 091452Z 18014KT 10SM BKN090 22/11 A3007 RMK AO2 SLP172 T02170111 53004,2025-09-09T15:51:30Z,2025-09-09T11:51:30Z
KOKC,"Oklahoma City/Will Rogers Intl, OK, US",2025-09-09T15:52:00Z,2025-09-09T11:52:00Z,VFR,23.9,12.2,190,11,NA,NA,1018.4,METAR KOKC 091552Z 19011KT 10SM SCT095 SCT250 24/12 A3007 RMK AO2 SLP169 T02390122,2025-09-09T16:06:03Z,2025-09-09T12:06:03Z
KOMA,"Omaha/Eppley Fld, NE, US",2025-09-09T14:52:00Z,2025-09-09T10:52:00Z,VFR,20,15,180,12,NA,NA,1016,METAR KOMA 091452Z 18012KT 10SM SCT042 SCT085 20/15 A3000 RMK AO2 SLP154 T02000150 50004,2025-09-09T15:51:29Z,2025-09-09T11:51:29Z
KOMA,"Omaha/Eppley Fld, NE, US",2025-09-09T15:52:00Z,2025-09-09T11:52:00Z,VFR,21.1,15.6,170,10,NA,NA,1016,METAR KOMA 091552Z COR 17010KT 10SM SCT040 SCT080 21/16 A3000 RMK AO2 SLP155 T02110156,2025-09-09T16:06:02Z,2025-09-09T12:06:02Z
KONT,"Ontario Intl, CA, US",2025-09-09T14:53:00Z,2025-09-09T10:53:00Z,VFR,17.2,14.4,260,5,NA,NA,1014.6,METAR KONT 091453Z 26005KT 10SM FEW010 17/14 A2996 RMK AO2 SLP134 T01720144 53008 $,2025-09-09T15:51:32Z,2025-09-09T11:51:32Z
KONT,"Ontario Intl, CA, US",2025-09-09T15:53:00Z,2025-09-09T11:53:00Z,VFR,19.4,14.4,220,4,NA,NA,1015,METAR KONT 091553Z 22004KT 10SM FEW010 19/14 A2997 RMK AO2 SLP134 T01940144 $,2025-09-09T16:06:05Z,2025-09-09T12:06:05Z
KORD,"Chicago/O'Hare Intl, IL, US",2025-09-09T14:51:00Z,2025-09-09T10:51:00Z,VFR,18.9,5,200,8,NA,NA,1022.1,METAR KORD 091451Z 20008KT 10SM BKN250 19/05 A3018 RMK AO2 SLP217 T01890050 55000,2025-09-09T15:51:29Z,2025-09-09T11:51:29Z
KORD,"Chicago/O'Hare Intl, IL, US",2025-09-09T15:51:00Z,2025-09-09T11:51:00Z,VFR,20.6,6.1,180,7,NA,NA,1022.1,METAR KORD 091551Z 18007KT 10SM BKN250 21/06 A3018 RMK AO2 SLP216 T02060061,2025-09-09T16:06:02Z,2025-09-09T12:06:02Z
KORF,"Norfolk Intl, VA, US",2025-09-09T14:51:00Z,2025-09-09T10:51:00Z,MVFR,22.2,17.8,40,19,25,NA,1021.8,METAR KORF 091451Z 04019G25KT 10SM BKN019 OVC027 22/18 A3017 RMK AO2 PK WND 04026/1435 SLP215 T02220178 53002,2025-09-09T15:51:27Z,2025-09-09T11:51:27Z
KORF,"Norfolk Intl, VA, US",2025-09-09T15:51:00Z,2025-09-09T11:51:00Z,MVFR,22.8,18.3,40,18,NA,NA,1021.8,METAR KORF 091551Z 04018KT 10SM FEW017 BKN024 OVC031 23/18 A3017 RMK AO2 PK WND 04028/1519 SLP214 T02280183,2025-09-09T16:06:00Z,2025-09-09T12:06:00Z
KPBI,"Palm Beach Intl, FL, US",2025-09-09T14:53:00Z,2025-09-09T10:53:00Z,VFR,29.4,23.9,300,3,NA,NA,1015,METAR KPBI 091453Z 30003KT 10SM SCT034 SCT150 BKN250 29/24 A2997 RMK AO2 SLP149 CB DSNT SE-S T02940239 52013 $,2025-09-09T15:51:29Z,2025-09-09T11:51:29Z
KPBI,"Palm Beach Intl, FL, US",2025-09-09T15:53:00Z,2025-09-09T11:53:00Z,VFR,30.6,23.9,NA,3,NA,NA,1015,METAR KPBI 091553Z VRB03KT 10SM SCT030 BKN250 31/24 A2997 RMK AO2 SLP147 CB DSNT E-SE S SW T03060239 $,2025-09-09T16:06:01Z,2025-09-09T12:06:01Z
KPDX,"Portland Intl, OR, US",2025-09-09T14:53:00Z,2025-09-09T10:53:00Z,VFR,17.8,12.8,320,5,NA,NA,1014,METAR KPDX 091453Z 32005KT 10SM BKN110 BKN250 18/13 A2994 RMK AO2 SLP136 T01780128 51004,2025-09-09T15:51:30Z,2025-09-09T11:51:30Z
KPDX,"Portland Intl, OR, US",2025-09-09T15:53:00Z,2025-09-09T11:53:00Z,VFR,18.3,12.8,350,4,NA,NA,1014,METAR KPDX 091553Z 35004KT 10SM FEW025 SCT110 BKN250 18/13 A2994 RMK AO2 SLP137 T01830128,2025-09-09T16:06:03Z,2025-09-09T12:06:03Z
KPHL,"Philadelphia Intl, PA, US",2025-09-09T14:54:00Z,2025-09-09T10:54:00Z,VFR,22.2,12.8,70,13,20,NA,1026.5,METAR KPHL 091454Z 07013G20KT 10SM BKN037 BKN270 BKN350 22/13 A3031 RMK AO2 SLP262 T02220128 53004 $,2025-09-09T15:51:27Z,2025-09-09T11:51:27Z
KPHL,"Philadelphia Intl, PA, US",2025-09-09T15:54:00Z,2025-09-09T11:54:00Z,VFR,22.8,12.8,70,9,19,NA,1026.2,METAR KPHL 091554Z 07009G19KT 10SM BKN038 BKN250 BKN330 23/13 A3030 RMK AO2 SLP261 T02280128 $,2025-09-09T16:06:00Z,2025-09-09T12:06:00Z
KPHX,"Phoenix/Sky Harbor Intl, AZ, US",2025-09-09T14:51:00Z,2025-09-09T10:51:00Z,VFR,31.7,15,100,4,NA,NA,1010.6,METAR KPHX 091451Z 10004KT 10SM FEW100 32/15 A2984 RMK AO2 SLP082 T03170150 53010,2025-09-09T15:51:32Z,2025-09-09T11:51:32Z
KPHX,"Phoenix/Sky Harbor Intl, AZ, US",2025-09-09T15:51:00Z,2025-09-09T11:51:00Z,VFR,33.9,15.6,110,4,NA,NA,1010.6,METAR KPHX 091551Z 11004KT 10SM FEW100 34/16 A2984 RMK AO2 SLP083 T03390156,2025-09-09T16:06:05Z,2025-09-09T12:06:05Z
KPIT,"Pittsburgh Intl, PA, US",2025-09-09T14:51:00Z,2025-09-09T10:51:00Z,VFR,18.9,7.2,120,5,NA,NA,1026.2,METAR KPIT 091451Z 12005KT 10SM FEW250 19/07 A3030 RMK AO2 SLP267 T01890072 52003 $,2025-09-09T15:51:27Z,2025-09-09T11:51:27Z
KPIT,"Pittsburgh Intl, PA, US",2025-09-09T15:51:00Z,2025-09-09T11:51:00Z,VFR,20.6,6.1,NA,5,NA,NA,1025.8,METAR KPIT 091551Z VRB05KT 10SM FEW040 FEW250 21/06 A3029 RMK AO2 SLP262 T02060061 $,2025-09-09T16:06:00Z,2025-09-09T12:06:00Z
KPSP,"Palm Springs Intl, CA, US",2025-09-09T14:53:00Z,2025-09-09T10:53:00Z,VFR,26.1,8.3,0,0,NA,NA,1010.2,METAR KPSP 091453Z 00000KT 10SM CLR 26/08 A2983 RMK AO2 SLP098 T02610083 53008,2025-09-09T15:51:32Z,2025-09-09T11:51:32Z
KPSP,"Palm Springs Intl, CA, US",2025-09-09T15:53:00Z,2025-09-09T11:53:00Z,VFR,30,6.1,NA,3,NA,NA,1010.6,METAR KPSP 091553Z VRB03KT 10SM CLR 30/06 A2984 RMK AO2 SLP098 T03000061,2025-09-09T16:06:05Z,2025-09-09T12:06:05Z
KPUB,"Pueblo Mem Arpt, CO, US",2025-09-09T14:53:00Z,2025-09-09T10:53:00Z,NA,19.4,6.7,270,8,NA,NA,1019.4,METAR KPUB 091453Z 27008KT CLR 19/07 A3010 RMK AO2 SLP135 T01940067 50005 RVRNO $,2025-09-09T15:51:30Z,2025-09-09T11:51:30Z
KPUB,"Pueblo Mem Arpt, CO, US",2025-09-09T15:53:00Z,2025-09-09T11:53:00Z,VFR,23.3,7.2,290,5,NA,NA,1019.4,METAR KPUB 091553Z 29005KT 10SM CLR 23/07 A3010 RMK AO2 SLP127 T02330072 $,2025-09-09T16:06:03Z,2025-09-09T12:06:03Z
KPVD,"Providence/Green Mem, RI, US",2025-09-09T14:51:00Z,2025-09-09T10:51:00Z,VFR,19.4,12.2,70,11,NA,NA,1028.5,METAR KPVD 091451Z 07011KT 10SM FEW030 FEW250 19/12 A3037 RMK AO2 SLP284 T01940122 58002,2025-09-09T15:51:27Z,2025-09-09T11:51:27Z
KPVD,"Providence/Green Mem, RI, US",2025-09-09T15:51:00Z,2025-09-09T11:51:00Z,VFR,21.1,10.6,50,11,17,NA,1028.5,METAR KPVD 091551Z 05011G17KT 10SM FEW033 FEW250 21/11 A3037 RMK AO2 SLP285 T02110106,2025-09-09T16:06:00Z,2025-09-09T12:06:00Z
KRDU,"Raleigh-Durham Intl, NC, US",2025-09-09T14:51:00Z,2025-09-09T10:51:00Z,VFR,20,10.6,20,13,21,NA,1023.5,METAR KRDU 091451Z 02013G21KT 10SM FEW040 SCT250 20/11 A3022 RMK AO2 SLP231 T02000106 51001,2025-09-09T15:51:29Z,2025-09-09T11:51:29Z
KRDU,"Raleigh-Durham Intl, NC, US",2025-09-09T15:51:00Z,2025-09-09T11:51:00Z,VFR,21.7,12.2,20,8,16,NA,1023.5,METAR KRDU 091551Z 02008G16KT 10SM SCT030 SCT250 22/12 A3022 RMK AO2 SLP230 T02170122,2025-09-09T16:06:02Z,2025-09-09T12:06:02Z
KRIC,"Richmond Intl, VA, US",2025-09-09T15:44:00Z,2025-09-09T11:44:00Z,VFR,21.7,13.9,30,11,20,NA,1024.1,SPECI KRIC 091544Z 03011G20KT 10SM BKN031 BKN250 22/14 A3024 RMK AO2 T02170139,2025-09-09T15:51:27Z,2025-09-09T11:51:27Z
KRIC,"Richmond Intl, VA, US",2025-09-09T15:54:00Z,2025-09-09T11:54:00Z,VFR,21.7,13.9,50,11,19,NA,1024.1,METAR KRIC 091554Z 05011G19KT 10SM OVC033 22/14 A3024 RMK AO2 SLP242 T02170139,2025-09-09T16:06:00Z,2025-09-09T12:06:00Z
KRNO,"Reno/Tahoe Intl, NV, US",2025-09-09T14:55:00Z,2025-09-09T10:55:00Z,VFR,14.4,4.4,170,3,NA,NA,1017,METAR KRNO 091455Z 17003KT 10SM FEW075 BKN130 BKN200 14/04 A3003 RMK AO2 SLP126 T01440044 58003,2025-09-09T15:51:32Z,2025-09-09T11:51:32Z
KRNO,"Reno/Tahoe Intl, NV, US",2025-09-09T15:55:00Z,2025-09-09T11:55:00Z,VFR,15.6,4.4,0,0,NA,NA,1017.4,METAR KRNO 091555Z 00000KT 10SM FEW070 SCT130 BKN200 16/04 A3004 RMK AO2 SLP129 T01560044,2025-09-09T16:06:05Z,2025-09-09T12:06:05Z
KROC,"Rochester Intl Arpt, NY, US",2025-09-09T14:54:00Z,2025-09-09T10:54:00Z,VFR,17.8,10,190,4,NA,NA,1027.5,METAR KROC 091454Z 19004KT 10SM FEW220 18/10 A3034 RMK AO2 SLP278 T01780100 50002 $,2025-09-09T15:51:27Z,2025-09-09T11:51:27Z
KROC,"Rochester Intl Arpt, NY, US",2025-09-09T15:54:00Z,2025-09-09T11:54:00Z,VFR,20.6,8.9,240,5,NA,NA,1026.8,METAR KROC 091554Z 24005KT 10SM FEW028 FEW240 21/09 A3032 RMK AO2 SLP271 T02060089 $,2025-09-09T16:06:00Z,2025-09-09T12:06:00Z
KRSW,"Ft Myers/SW Florida Intl, FL, US",2025-09-09T14:53:00Z,2025-09-09T10:53:00Z,VFR,27.8,25.6,100,6,NA,NA,1014.6,METAR KRSW 091453Z 10006KT 10SM BKN047 BKN065 OVC075 28/26 A2996 RMK AO1 SLP143 T02780256 51014,2025-09-09T15:51:29Z,2025-09-09T11:51:29Z
KRSW,"Ft Myers/SW Florida Intl, FL, US",2025-09-09T15:53:00Z,2025-09-09T11:53:00Z,VFR,29.4,25.6,100,6,NA,NA,1014.6,METAR KRSW 091553Z 10006KT 10SM FEW012 29/26 A2996 RMK AO1 SLP142 T02940256,2025-09-09T16:06:01Z,2025-09-09T12:06:01Z
KSAF,"Santa Fe Cnty Muni, NM, US",2025-09-09T14:53:00Z,2025-09-09T10:53:00Z,VFR,17.2,5,350,7,NA,NA,1024.1,METAR KSAF 091453Z 35007KT 10SM CLR 17/05 A3024 RMK AO2 SLP147 T01720050 51008,2025-09-09T15:51:32Z,2025-09-09T11:51:32Z
KSAF,"Santa Fe Cnty Muni, NM, US",2025-09-09T15:53:00Z,2025-09-09T11:53:00Z,VFR,21.1,4.4,340,10,NA,NA,1024.1,METAR KSAF 091553Z 34010KT 10SM FEW110 21/04 A3024 RMK AO2 LTG DSNT NE SLP151 T02110044,2025-09-09T16:06:05Z,2025-09-09T12:06:05Z
KSAN,"San Diego Intl Arpt, CA, US",2025-09-09T14:51:00Z,2025-09-09T10:51:00Z,MVFR,20.6,15.6,240,3,NA,NA,1015.3,METAR KSAN 091451Z 24003KT 10SM BKN019 21/16 A2998 RMK AO2 SLP152 T02060156 53009,2025-09-09T15:51:32Z,2025-09-09T11:51:32Z
KSAN,"San Diego Intl Arpt, CA, US",2025-09-09T15:51:00Z,2025-09-09T11:51:00Z,MVFR,21.1,15.6,NA,3,NA,NA,1015.3,METAR KSAN 091551Z VRB03KT 10SM BKN021 21/16 A2998 RMK AO2 SLP151 T02110156,2025-09-09T16:06:05Z,2025-09-09T12:06:05Z
KSAT,"San Antonio Intl, TX, US",2025-09-09T14:51:00Z,2025-09-09T10:51:00Z,VFR,23.9,16.1,110,5,NA,NA,1018,METAR KSAT 091451Z 11005KT 10SM FEW250 24/16 A3006 RMK AO2 SLP160 T02390161 51007,2025-09-09T15:51:30Z,2025-09-09T11:51:30Z
KSAT,"San Antonio Intl, TX, US",2025-09-09T15:51:00Z,2025-09-09T11:51:00Z,VFR,26.7,15,100,4,NA,NA,1018,METAR KSAT 091551Z 10004KT 10SM CLR 27/15 A3006 RMK AO2 SLP163 T02670150,2025-09-09T16:06:03Z,2025-09-09T12:06:03Z
KSAV,"Savannah Intl, GA, US",2025-09-09T14:53:00Z,2025-09-09T10:53:00Z,VFR,23.9,15.6,20,13,17,NA,1019.7,METAR KSAV 091453Z 02013G17KT 10SM FEW060 FEW250 24/16 A3011 RMK AO2 SLP196 T02390156 53011,2025-09-09T15:51:29Z,2025-09-09T11:51:29Z
KSAV,"Savannah Intl, GA, US",2025-09-09T15:53:00Z,2025-09-09T11:53:00Z,VFR,25.6,15,40,11,19,NA,1019.7,METAR KSAV 091553Z 04011G19KT 10SM SCT250 26/15 A3011 RMK AO2 SLP197 T02560150,2025-09-09T16:06:01Z,2025-09-09T12:06:01Z
KSBA,"Santa Barbara Muni, CA, US",2025-09-09T14:53:00Z,2025-09-09T10:53:00Z,VFR,19.4,16.7,110,4,NA,NA,1013.3,METAR KSBA 091453Z 11004KT 10SM CLR 19/17 A2992 RMK AO2 SLP133 T01940167 53008 $,2025-09-09T15:51:32Z,2025-09-09T11:51:32Z
KSBA,"Santa Barbara Muni, CA, US",2025-09-09T15:53:00Z,2025-09-09T11:53:00Z,VFR,20,17.2,130,9,NA,NA,1013.6,METAR KSBA 091553Z 13009KT 10SM CLR 20/17 A2993 RMK AO2 SLP133 T02000172 $,2025-09-09T16:06:05Z,2025-09-09T12:06:05Z
KSBN,"South Bend Rgnl, IN, US",2025-09-09T14:54:00Z,2025-09-09T10:54:00Z,VFR,19.4,8.9,200,5,NA,NA,1023.5,METAR KSBN 091454Z 20005KT 10SM CLR 19/09 A3022 RMK AO2 SLP235 T01940089 50001,2025-09-09T15:51:29Z,2025-09-09T11:51:29Z
KSBN,"South Bend Rgnl, IN, US",2025-09-09T15:54:00Z,2025-09-09T11:54:00Z,VFR,21.1,8.9,210,6,NA,NA,1023.5,METAR KSBN 091554Z 21006KT 10SM CLR 21/09 A3022 RMK AO2 SLP232 T02110089,2025-09-09T16:06:01Z,2025-09-09T12:06:01Z
KSDF,"Louisville Intl, KY, US",2025-09-09T14:56:00Z,2025-09-09T10:56:00Z,VFR,18.9,9.4,0,0,NA,NA,1022.8,METAR KSDF 091456Z 00000KT 10SM SCT350 19/09 A3020 RMK AO2 SLP225 T01890094 51001,2025-09-09T15:51:29Z,2025-09-09T11:51:29Z
KSDF,"Louisville Intl, KY, US",2025-09-09T15:56:00Z,2025-09-09T11:56:00Z,VFR,22.2,9.4,0,0,NA,NA,1022.8,METAR KSDF 091556Z 00000KT 10SM FEW350 22/09 A3020 RMK AO2 SLP222 T02220094,2025-09-09T16:06:01Z,2025-09-09T12:06:01Z
KSEA,"Seattle-Tacoma Intl, WA, US",2025-09-09T14:53:00Z,2025-09-09T10:53:00Z,VFR,15.6,12.2,10,6,NA,NA,1014.6,METAR KSEA 091453Z 01006KT 10SM BKN041 BKN100 BKN250 16/12 A2996 RMK AO2 SLP149 T01560122 50004 $,2025-09-09T15:51:30Z,2025-09-09T11:51:30Z
KSEA,"Seattle-Tacoma Intl, WA, US",2025-09-09T15:53:00Z,2025-09-09T11:53:00Z,VFR,16.1,12.8,20,6,NA,NA,1014.6,METAR KSEA 091553Z 02006KT 10SM BKN039 BKN120 BKN250 16/13 A2996 RMK AO2 SLP151 T01610128 $,2025-09-09T16:06:03Z,2025-09-09T12:06:03Z
KSFO,"San Francisco Intl, CA, US",2025-09-09T15:10:00Z,2025-09-09T11:10:00Z,VFR,18.9,17.2,150,4,NA,NA,1014.3,SPECI KSFO 091510Z 15004KT 10SM FEW006 SCT013 BKN035 19/17 A2995 RMK AO2 T01890172 $,2025-09-09T15:51:32Z,2025-09-09T11:51:32Z
KSFO,"San Francisco Intl, CA, US",2025-09-09T15:56:00Z,2025-09-09T11:56:00Z,VFR,19.4,17.2,0,0,NA,NA,1014,METAR KSFO 091556Z 00000KT 10SM FEW006 SCT017 BKN043 19/17 A2994 RMK AO2 SLP140 T01940172 $,2025-09-09T16:06:05Z,2025-09-09T12:06:05Z
KSJC,"San Jose Intl Arpt, CA, US",2025-09-09T14:53:00Z,2025-09-09T10:53:00Z,VFR,19.4,15.6,130,5,NA,NA,1014.3,METAR KSJC 091453Z 13005KT 10SM FEW010 SCT025 SCT035 19/16 A2995 RMK AO2 SLP141 TCU DSNT SE T01940156 55001,2025-09-09T15:51:32Z,2025-09-09T11:51:32Z
KSJC,"San Jose Intl Arpt, CA, US",2025-09-09T15:53:00Z,2025-09-09T11:53:00Z,VFR,20.6,13.9,180,3,NA,NA,1014.3,METAR KSJC 091553Z 18003KT 10SM FEW010 SCT023 BKN042 21/14 A2995 RMK AO2 SLP143 TCU DSNT SE T02060139,2025-09-09T16:06:05Z,2025-09-09T12:06:05Z
KSLC,"Salt Lake City Intl, UT, US",2025-09-09T14:54:00Z,2025-09-09T10:54:00Z,VFR,25,7.2,130,9,NA,NA,1014.3,METAR KSLC 091454Z 13009KT 10SM FEW120 SCT190 BKN230 25/07 A2995 RMK AO2 SLP088 ACSL DSNT SE T02500072 58001 $,2025-09-09T15:51:30Z,2025-09-09T11:51:30Z
KSLC,"Salt Lake City Intl, UT, US",2025-09-09T15:54:00Z,2025-09-09T11:54:00Z,VFR,27.2,6.7,160,19,25,NA,1014.3,METAR KSLC 091554Z 16019G25KT 10SM FEW085 FEW120 BKN190 BKN230 27/07 A2995 RMK AO2 SLP083 T02720067 $,2025-09-09T16:06:03Z,2025-09-09T12:06:03Z
KSMO,"Santa Monica Muni, CA, US",2025-09-09T14:51:00Z,2025-09-09T10:51:00Z,MVFR,20,16.7,0,0,NA,NA,1014.3,METAR KSMO 091451Z 00000KT 10SM OVC014 20/17 A2995 RMK AO2 SLP139 T02000167 53008,2025-09-09T15:51:32Z,2025-09-09T11:51:32Z
KSMO,"Santa Monica Muni, CA, US",2025-09-09T15:51:00Z,2025-09-09T11:51:00Z,MVFR,20.6,17.2,190,4,NA,NA,1014.6,METAR KSMO 091551Z 19004KT 10SM OVC014 21/17 A2996 RMK AO2 SLP144 T02060172,2025-09-09T16:06:05Z,2025-09-09T12:06:05Z
KSNA,"Santa Ana/Wayne Arpt, CA, US",2025-09-09T14:53:00Z,2025-09-09T10:53:00Z,MVFR,20.6,16.1,110,6,NA,NA,1014,METAR KSNA 091453Z 11006KT 10SM OVC019 21/16 A2994 RMK AO2 SLP139 T02060161 51006,2025-09-09T15:51:32Z,2025-09-09T11:51:32Z
KSNA,"Santa Ana/Wayne Arpt, CA, US",2025-09-09T15:53:00Z,2025-09-09T11:53:00Z,MVFR,20.6,16.1,130,5,NA,NA,1014.3,METAR KSNA 091553Z 13005KT 10SM BKN020 21/16 A2995 RMK AO2 SLP141 T02060161,2025-09-09T16:06:05Z,2025-09-09T12:06:05Z
KSTL,"St Louis/Lambert Intl, MO, US",2025-09-09T14:51:00Z,2025-09-09T10:51:00Z,VFR,21.1,8.9,160,5,NA,NA,1021.1,METAR KSTL 091451Z 16005KT 10SM SCT140 BKN230 21/09 A3015 RMK AO2 SLP205 T02110089 55000,2025-09-09T15:51:29Z,2025-09-09T11:51:29Z
KSTL,"St Louis/Lambert Intl, MO, US",2025-09-09T15:51:00Z,2025-09-09T11:51:00Z,VFR,23.3,9.4,170,5,NA,NA,1021.1,METAR KSTL 091551Z 17005KT 10SM FEW140 SCT200 BKN250 23/09 A3015 RMK AO2 SLP202 T02330094,2025-09-09T16:06:02Z,2025-09-09T12:06:02Z
KSTS,"Santa Rosa/Schulz Arpt, CA, US",2025-09-09T15:09:00Z,2025-09-09T11:09:00Z,IFR,17.2,16.7,150,5,NA,2,1014,SPECI KSTS 091509Z 15005KT 2SM -RA BR BKN008 OVC010 17/17 A2994 RMK AO2 P0003 T01720167,2025-09-09T15:51:32Z,2025-09-09T11:51:32Z
KSTS,"Santa Rosa/Schulz Arpt, CA, US",2025-09-09T15:53:00Z,2025-09-09T11:53:00Z,IFR,17.8,17.2,130,4,NA,6,1014,METAR KSTS 091553Z 13004KT 6SM BR BKN005 OVC013 18/17 A2994 RMK AO2 RAE42 SLP132 P0005 T01780172,2025-09-09T16:06:05Z,2025-09-09T12:06:05Z
KSYR,"Syracuse/Hancock Intl, NY, US",2025-09-09T14:54:00Z,2025-09-09T10:54:00Z,VFR,17.2,10,0,0,NA,NA,1028.5,METAR KSYR 091454Z 00000KT 10SM FEW020 FEW200 SCT250 17/10 A3037 RMK AO2 SLP280 T01720100,2025-09-09T15:51:27Z,2025-09-09T11:51:27Z
KSYR,"Syracuse/Hancock Intl, NY, US",2025-09-09T15:54:00Z,2025-09-09T11:54:00Z,VFR,20,10.6,0,0,NA,NA,1027.9,METAR KSYR 091554Z 00000KT 10SM FEW030 SCT250 20/11 A3035 RMK AO2 SLP275 T02000106,2025-09-09T16:06:00Z,2025-09-09T12:06:00Z
KTPA,"Tampa Intl Arpt, FL, US",2025-09-09T14:53:00Z,2025-09-09T10:53:00Z,MVFR,26.7,24.4,30,4,NA,NA,1015,METAR KTPA 091453Z 03004KT 10SM BKN010 27/24 A2997 RMK AO2 RAB09E27 SLP149 P0000 60000 T02670244 53013 $,2025-09-09T15:51:29Z,2025-09-09T11:51:29Z
KTPA,"Tampa Intl Arpt, FL, US",2025-09-09T15:53:00Z,2025-09-09T11:53:00Z,VFR,27.8,24.4,NA,4,NA,NA,1014.6,METAR KTPA 091553Z VRB04KT 10SM FEW010 SCT035 BKN110 28/24 A2996 RMK AO2 SLP146 OCNL LTGIC DSNT SW CB DSNT SW T02780244 $,2025-09-09T16:06:01Z,2025-09-09T12:06:01Z
KTUL,"Tulsa Intl Arpt, OK, US",2025-09-09T14:53:00Z,2025-09-09T10:53:00Z,VFR,22.2,11.1,180,11,NA,NA,1018.7,METAR KTUL 091453Z 18011KT 10SM SCT090 SCT160 22/11 A3008 RMK AO2 SLP179 T02220111 58001,2025-09-09T15:51:30Z,2025-09-09T11:51:30Z
KTUL,"Tulsa Intl Arpt, OK, US",2025-09-09T15:53:00Z,2025-09-09T11:53:00Z,VFR,23.9,11.7,170,13,NA,NA,1018.7,METAR KTUL 091553Z 17013KT 10SM SCT090 SCT160 24/12 A3008 RMK AO2 SLP180 T02390117,2025-09-09T16:06:03Z,2025-09-09T12:06:03Z
KTUS,"Tucson Intl Arpt, AZ, US",2025-09-09T14:53:00Z,2025-09-09T10:53:00Z,VFR,27.8,16.7,160,3,NA,NA,1016,METAR KTUS 091453Z 16003KT 10SM CLR 28/17 A3000 RMK AO2 SLP105 T02780167 51009,2025-09-09T15:51:32Z,2025-09-09T11:51:32Z
KTUS,"Tucson Intl Arpt, AZ, US",2025-09-09T15:53:00Z,2025-09-09T11:53:00Z,VFR,30,16.7,0,0,NA,NA,1016,METAR KTUS 091553Z 00000KT 10SM CLR 30/17 A3000 RMK AO2 SLP103 T03000167,2025-09-09T16:06:05Z,2025-09-09T12:06:05Z
PHNL,"Honolulu Intl, HI, US",2025-09-09T14:53:00Z,2025-09-09T10:53:00Z,VFR,25.6,22.2,60,6,NA,NA,1014.6,METAR PHNL 091453Z 06006KT 10SM FEW025 FEW040 SCT065 26/22 A2996 RMK AO2 SLP146 60001 T02560222 55006,2025-09-09T15:51:32Z,2025-09-09T11:51:32Z
PHNL,"Honolulu Intl, HI, US",2025-09-09T15:53:00Z,2025-09-09T11:53:00Z,VFR,25.6,22.2,340,3,NA,NA,1015.3,METAR PHNL 091553Z 34003KT 10SM FEW020 FEW035 FEW080 26/22 A2998 RMK AO2 SLP150 T02560222,2025-09-09T16:06:05Z,2025-09-09T12:06:05Z
PHOG,"Kahului Arpt, HI, US",2025-09-09T14:54:00Z,2025-09-09T10:54:00Z,VFR,24.4,21.7,40,5,NA,NA,1014.6,METAR PHOG 091454Z AUTO 04005KT 10SM CLR 24/22 A2996 RMK AO2 SLP150 T02440217 55001 TSNO,2025-09-09T15:51:32Z,2025-09-09T11:51:32Z
PHOG,"Kahului Arpt, HI, US",2025-09-09T15:54:00Z,2025-09-09T11:54:00Z,VFR,23.9,21.1,30,4,NA,NA,1015,METAR PHOG 091554Z 03004KT 10SM FEW030 SCT045 24/21 A2997 RMK AO2 SLP153 T02390211,2025-09-09T16:06:05Z,2025-09-09T12:06:05Z
